Neighborhoods,ATM,Afghan Restaurant,Airport,Airport Terminal,American Restaurant,Andhra Restaurant,Arcade,Art Gallery,Art Museum,Arts & Crafts Store,Asian Restaurant,Athletics & Sports,Auto Garage,Auto Workshop,Automotive Shop,BBQ Joint,Badminton Court,Bagel Shop,Bakery,Bank,Bar,Basketball Court,Bed & Breakfast,Beer Bar,Beer Garden,Bengali Restaurant,Big Box Store,Bike Shop,Bistro,Boarding House,Bookstore,Botanical Garden,Boutique,Bowling Alley,Boxing Gym,Breakfast Spot,Brewery,Bridge,Bubble Tea Shop,Buffet,Building,Burger Joint,Burrito Place,Bus Line,Bus Station,Bus Stop,Business Service,Butcher,Cafeteria,Caf√©,Candy Store,Capitol Building,Caribbean Restaurant,Castle,Chaat Place,Chettinad Restaurant,Chinese Restaurant,Chocolate Shop,Clothing Store,Cocktail Bar,Coffee Shop,Comfort Food Restaurant,Concert Hall,Construction & Landscaping,Convenience Store,Cosmetics Shop,Coworking Space,Creperie,Cricket Ground,Cupcake Shop,Dance Studio,Deli / Bodega,Department Store,Dessert Shop,Dim Sum Restaurant,Diner,Dive Bar,Donut Shop,Dry Cleaner,Dumpling Restaurant,Eastern European Restaurant,Electronics Store,Event Space,Falafel Restaurant,Farm,Farmers Market,Fast Food Restaurant,Field,Financial or Legal Service,Flea Market,Food,Food & Drink Shop,Food Court,Food Service,Food Stand,Food Truck,French Restaurant,Fried Chicken Joint,Furniture / Home Store,Gaming Cafe,Garden,Garden Center,Gas Station,Gastropub,General Entertainment,German Restaurant,Golf Course,Gourmet Shop,Grocery Store,Gym,Gym / Fitness Center,Gym Pool,Halal Restaurant,Health Food Store,Hill,Historic Site,History Museum,Hockey Arena,Hookah Bar,Hospital,Hotel,Hotel Bar,Hotel Pool,Hyderabadi Restaurant,Ice Cream Shop,Indian Chinese Restaurant,Indian Restaurant,Indian Sweet Shop,Indie Movie Theater,Intersection,Italian Restaurant,Japanese Restaurant,Jewelry Store,Juice Bar,Kebab Restaurant,Kerala Restaurant,Kids Store,Korean Restaurant,Lake,Light Rail Station,Lighthouse,Liquor Store,Lounge,Maharashtrian Restaurant,Market,Mediterranean Restaurant,Men's Store,Metro Station,Mexican Restaurant,Middle Eastern Restaurant,Miscellaneous Shop,Mobile Phone Shop,Modern European Restaurant,Monument / Landmark,Motorcycle Shop,Movie Theater,Moving Target,Multicuisine Indian Restaurant,Multiplex,Music Store,Music Venue,Neighborhood,Nightclub,Noodle House,North Indian Restaurant,Office,Other Great Outdoors,Outlet Store,Paintball Field,Pakistani Restaurant,Paper / Office Supplies Store,Park,Parsi Restaurant,Performing Arts Venue,Pharmacy,Pizza Place,Planetarium,Platform,Playground,Plaza,Pool,Pool Hall,Pub,Punjabi Restaurant,Racecourse,Racetrack,Rajasthani Restaurant,Recreation Center,Resort,Restaurant,Road,Roof Deck,Salad Place,Salon / Barbershop,Sandwich Place,Scenic Lookout,Science Museum,Seafood Restaurant,Shop & Service,Shopping Mall,Shopping Plaza,Smoke Shop,Snack Place,Soccer Field,Soccer Stadium,South Indian Restaurant,Southern / Soul Food Restaurant,Spa,Sporting Goods Shop,Sports Bar,Stadium,Steakhouse,Supermarket,Sushi Restaurant,Szechuan Restaurant,Tea Room,Tech Startup,Tex-Mex Restaurant,Thai Restaurant,Theater,Tibetan Restaurant,Toll Booth,Tourist Information Center,Toy / Game Store,Track Stadium,Trail,Train Station,Travel & Transport,Turkish Restaurant,Udupi Restaurant,Vegetarian / Vegan Restaurant,Vietnamese Restaurant,Wine Bar,Wine Shop,Women's Store,Yoga Studio
100 Feet Road,0,0,0,0,0,0,0,0,0,0,0,0,0,0,0,0,0,0,0.03,0,0,0,0,0,0.01,0.01,0,0,0,0.01,0,0,0,0,0,0.01,0.01,0,0,0,0,0.01,0,0,0,0,0,0,0,0.04,0,0,0,0,0,0,0.05,0,0,0,0.02,0,0,0,0.01,0,0,0,0,0,0,0,0.02,0,0,0.02,0,0,0,0,0,0.01,0,0,0,0,0.09,0,0,0,0,0,0,0,0,0.01,0,0,0,0,0,0,0,0,0,0,0,0,0,0.01,0.02,0,0,0,0,0,0,0,0.01,0,0,0,0,0.01,0.06,0.01,0.21,0,0,0,0.01,0,0.01,0.01,0,0,0,0,0,0,0,0,0,0,0.01,0,0,0.01,0.01,0.01,0,0,0,0,0,0,0,0,0,0,0,0.01,0,0,0,0,0,0,0,0,0,0.01,0,0.01,0,0.05,0,0,0,0,0,0,0,0,0,0,0,0,0,0.01,0,0,0.01,0,0.01,0,0,0.02,0,0.02,0,0,0.02,0,0,0.03,0,0.01,0,0,0,0,0,0,0,0,0,0,0,0,0,0,0,0,0,0,0,0,0,0,0,0,0,0,0.03,0
Anekal,0.5,0,0,0,0,0,0,0,0,0,0,0,0,0,0,0,0,0,0,0,0,0,0,0,0,0,0,0,0,0,0,0,0,0,0,0,0,0,0,0,0,0,0,0,0,0,0.25,0,0,0,0,0,0,0,0,0,0,0,0,0,0,0,0,0,0,0,0,0,0,0,0,0,0,0,0,0,0,0,0,0,0,0,0,0,0,0,0,0,0,0,0,0,0,0,0,0,0,0,0,0,0,0,0,0,0,0,0,0,0,0,0,0,0,0,0,0,0,0,0,0,0,0,0,0,0,0,0,0,0,0,0,0,0,0,0,0,0,0,0,0,0,0,0,0,0,0,0,0,0,0,0,0,0,0,0,0.25,0,0,0,0,0,0,0,0,0,0,0,0,0,0,0,0,0,0,0,0,0,0,0,0,0,0,0,0,0,0,0,0,0,0,0,0,0,0,0,0,0,0,0,0,0,0,0,0,0,0,0,0,0,0,0,0,0,0,0,0,0,0,0,0,0,0,0,0,0,0,0,0,0,0,0,0,0,0,0,0
Anjanapura,0,0,0,0,0,0,0,0,0,0,0,0,0,0,0,0,0.166666667,0,0,0,0,0,0,0,0,0,0,0,0,0,0,0,0,0,0,0,0,0,0,0,0,0,0,0,0,0,0,0,0,0,0,0,0,0,0,0,0,0,0,0,0.166666667,0,0,0,0,0,0,0,0,0,0,0,0,0,0,0,0,0,0,0,0,0,0,0,0,0,0,0,0,0,0,0,0,0,0,0.166666667,0,0,0,0,0,0,0,0,0,0,0,0,0,0,0,0,0,0,0,0,0,0,0,0,0,0,0,0,0,0,0,0,0,0,0,0,0,0,0,0,0,0,0,0,0,0,0,0,0,0,0,0,0,0,0,0,0,0,0,0,0,0,0,0,0,0,0,0,0.166666667,0,0,0,0,0,0,0,0,0,0,0,0,0,0,0,0.166666667,0,0,0,0,0,0,0,0,0,0,0,0,0,0,0,0,0,0,0,0.166666667,0,0,0,0,0,0,0,0,0,0,0,0,0,0,0,0,0,0,0,0,0,0,0,0,0,0,0,0,0,0,0,0,0,0,0
Anugraha,0,0,0,0,0,0.037037037,0,0,0,0,0,0,0,0,0,0,0,0,0,0,0,0,0,0,0,0,0,0,0,0,0,0,0,0,0.037037037,0.074074074,0,0,0,0,0,0,0,0,0.037037037,0,0,0,0,0.148148148,0,0,0,0,0,0,0,0,0,0,0,0,0,0,0,0.037037037,0,0,0,0,0,0,0.037037037,0,0,0,0,0,0,0,0,0,0,0,0,0,0.037037037,0,0,0,0,0,0,0,0,0,0,0.037037037,0,0,0,0,0,0,0,0,0.037037037,0,0,0.037037037,0,0,0,0,0,0,0,0,0,0,0,0,0,0,0,0,0.111111111,0,0,0,0,0,0,0.037037037,0,0,0,0,0,0,0,0,0,0,0,0,0,0,0,0,0,0,0,0,0,0,0,0,0,0,0,0,0,0,0,0,0,0,0,0,0,0,0,0,0,0.037037037,0,0,0,0,0,0,0,0,0,0,0,0,0,0.074074074,0,0,0,0,0.037037037,0,0,0.037037037,0,0,0,0,0.037037037,0,0,0.037037037,0,0,0,0,0,0,0.037037037,0,0,0,0,0,0,0,0,0,0,0,0,0,0,0,0,0,0,0,0,0,0,0
Arekere,0,0,0,0,0.014084507,0,0,0,0,0,0,0,0,0,0,0.014084507,0.014084507,0,0,0,0,0,0,0,0.014084507,0,0,0,0,0,0,0,0.014084507,0.014084507,0,0,0.014084507,0,0,0,0,0.014084507,0,0,0,0,0,0,0,0.084507042,0,0,0,0,0,0,0.028169014,0,0.028169014,0,0.014084507,0,0,0,0,0.014084507,0,0,0,0,0,0,0.028169014,0,0,0,0.014084507,0.014084507,0,0.014084507,0.014084507,0.014084507,0,0,0,0,0.056338028,0,0,0,0,0,0.014084507,0,0,0,0,0,0,0,0,0,0,0,0.014084507,0,0,0,0,0,0,0,0,0,0,0,0,0,0,0,0,0,0,0,0.056338028,0,0.126760563,0,0,0,0.014084507,0,0,0,0.014084507,0,0,0,0,0,0,0.014084507,0.014084507,0,0,0,0,0,0,0.014084507,0,0,0,0,0,0.014084507,0,0,0.042253521,0,0,0,0,0,0,0.014084507,0,0,0,0,0,0,0,0,0,0.056338028,0,0,0,0,0,0,0,0,0,0,0.014084507,0,0,0.014084507,0,0,0,0,0.014084507,0,0,0,0,0.028169014,0,0,0,0,0,0.042253521,0,0,0.014084507,0,0,0,0.014084507,0,0,0,0,0,0,0,0,0,0,0,0,0,0,0,0,0,0.014084507,0,0,0,0,0
Attibele,0.125,0,0,0,0,0,0,0,0,0,0,0,0,0,0,0,0,0,0.125,0,0,0,0,0,0,0,0,0,0,0,0,0,0,0,0,0,0,0,0,0,0,0,0,0,0.125,0,0,0,0,0,0,0,0,0.125,0,0,0,0,0,0,0,0,0,0,0,0,0,0,0,0,0,0,0,0,0,0,0,0,0,0,0,0,0,0,0,0,0,0,0,0,0,0,0,0,0,0,0,0,0,0,0,0,0,0,0,0,0,0,0,0,0,0,0,0,0,0,0,0,0,0,0,0.125,0,0,0,0,0.125,0,0,0,0,0,0,0,0,0,0,0,0,0,0,0.125,0,0,0,0,0,0,0,0,0,0,0,0,0.125,0,0,0,0,0,0,0,0,0,0,0,0,0,0,0,0,0,0,0,0,0,0,0,0,0,0,0,0,0,0,0,0,0,0,0,0,0,0,0,0,0,0,0,0,0,0,0,0,0,0,0,0,0,0,0,0,0,0,0,0,0,0,0,0,0,0,0,0,0,0,0,0,0,0,0,0,0,0,0,0,0
Austin Town,0,0,0,0,0.01,0.01,0.01,0,0,0,0.01,0.01,0,0,0,0.01,0,0,0,0,0.03,0,0.01,0,0,0,0,0,0,0,0.01,0,0,0,0,0.01,0.04,0,0.01,0,0,0.02,0,0,0,0,0,0,0,0.04,0,0,0,0,0,0,0.03,0,0.02,0.02,0.02,0,0,0,0,0,0,0,0,0,0,0.01,0.01,0.01,0,0,0,0.02,0,0,0,0.01,0,0,0,0,0.01,0,0,0,0,0,0,0,0,0,0.01,0,0.01,0,0,0,0,0,0,0,0,0,0,0.02,0.01,0,0,0,0,0,0,0.01,0,0,0.1,0.01,0,0,0.04,0,0.09,0,0,0,0.02,0.01,0,0,0,0,0,0.01,0,0,0,0,0.03,0,0,0.01,0,0,0,0.01,0,0,0.01,0,0,0,0,0,0,0.01,0,0,0,0,0,0,0,0,0,0,0,0,0,0,0,0.01,0,0,0,0.01,0,0,0.04,0,0,0,0,0,0,0,0,0,0,0,0,0,0,0,0,0.01,0,0,0,0,0.01,0.01,0,0,0,0,0,0.02,0,0.01,0,0.03,0,0,0.01,0,0,0,0,0.02,0,0,0,0,0,0,0.02,0,0,0,0,0
Avenue Road,0,0,0,0,0,0,0.01,0.01,0,0.01,0.01,0,0,0,0,0,0,0.01,0.02,0,0,0,0.01,0,0,0,0,0,0.01,0,0,0,0.01,0,0,0.01,0.01,0,0,0,0,0,0,0,0,0,0,0,0,0.04,0,0.01,0,0,0,0,0.01,0,0.01,0.01,0.03,0,0,0,0,0,0,0,0,0.01,0,0,0,0.01,0,0,0,0,0,0,0,0.01,0,0,0,0,0.03,0,0,0.01,0,0,0,0,0,0,0.01,0.01,0,0,0,0,0,0,0.01,0,0,0,0,0,0,0,0,0,0,0.01,0,0,0,0,0.05,0.01,0,0,0,0,0.22,0,0,0,0.02,0.03,0,0.01,0,0,0,0,0,0,0,0,0.03,0,0,0.01,0,0,0.02,0,0.01,0,0,0,0.01,0.01,0,0,0.01,0,0,0,0,0,0,0,0,0,0,0,0,0.02,0.01,0,0,0,0,0,0,0,0,0,0.01,0,0,0.01,0.01,0,0,0.02,0,0,0,0,0,0,0.01,0.01,0,0.01,0,0,0,0,0,0.01,0,0,0,0,0.01,0,0,0.01,0,0,0,0,0,0.01,0,0,0,0,0.01,0,0,0,0,0,0.03,0.01,0.01,0,0,0
BTM Layout,0,0,0,0,0,0.010869565,0,0,0,0,0.010869565,0,0,0,0,0,0,0,0.032608696,0,0.010869565,0,0,0,0,0,0,0,0,0,0,0,0,0,0,0,0.010869565,0,0,0,0,0,0,0,0,0,0,0,0,0.02173913,0,0,0,0,0,0,0.032608696,0,0,0,0.043478261,0,0,0,0,0,0,0,0,0,0,0,0.02173913,0,0.010869565,0.032608696,0,0,0,0,0,0,0,0,0,0,0.065217391,0,0,0,0,0.010869565,0,0,0,0,0,0,0.010869565,0,0.010869565,0,0,0,0,0,0,0,0,0.02173913,0,0,0.010869565,0,0,0,0,0,0,0,0,0,0,0,0.054347826,0,0.25,0,0.010869565,0,0.02173913,0,0,0,0,0.010869565,0,0,0,0,0,0,0,0,0,0.010869565,0,0,0,0.010869565,0,0,0,0,0,0,0,0,0.02173913,0,0,0,0,0,0,0,0,0,0,0,0.010869565,0.010869565,0,0,0,0.02173913,0,0,0,0,0,0,0,0,0,0,0.010869565,0,0,0.010869565,0,0,0,0,0.02173913,0,0,0,0,0.010869565,0,0,0.054347826,0,0,0,0,0,0,0.02173913,0,0,0.010869565,0,0,0.02173913,0,0,0,0,0,0,0,0,0,0,0,0,0,0,0.032608696,0,0,0,0,0
Bagmane Tech Park,0,0,0,0,0,0,0.011111111,0,0,0,0.011111111,0,0,0,0,0.011111111,0,0,0.022222222,0,0.011111111,0,0,0,0,0,0,0,0,0,0.011111111,0,0.022222222,0,0,0.011111111,0.011111111,0,0,0,0,0.022222222,0,0,0.011111111,0,0,0.011111111,0,0.066666667,0,0,0,0,0,0,0.022222222,0.011111111,0.011111111,0.011111111,0.033333333,0,0,0,0.011111111,0.011111111,0,0,0,0.022222222,0,0,0.022222222,0.044444444,0,0,0,0.011111111,0,0,0,0,0,0,0,0,0.033333333,0,0,0,0,0.011111111,0,0,0,0.011111111,0,0,0,0,0,0,0,0,0,0.011111111,0,0,0,0.011111111,0.011111111,0,0,0,0,0,0,0,0,0,0,0,0,0,0.044444444,0,0.177777778,0,0,0,0.011111111,0,0,0.011111111,0,0,0,0.011111111,0,0.011111111,0,0,0.011111111,0,0,0,0,0.011111111,0.011111111,0,0,0,0,0,0,0,0,0.022222222,0,0,0,0,0,0,0,0,0,0.011111111,0,0,0,0,0,0,0.011111111,0.022222222,0,0,0,0,0,0,0.022222222,0,0,0,0,0,0,0,0,0,0,0,0.022222222,0,0,0,0,0.011111111,0,0,0.011111111,0,0,0,0,0,0,0,0,0.011111111,0,0,0,0,0,0,0,0,0,0,0,0,0,0.011111111,0,0,0,0,0,0,0,0,0,0
Banashankari,0,0,0,0,0,0,0.01,0,0,0,0.01,0,0,0,0,0,0,0,0.03,0,0.01,0,0,0,0,0,0,0,0,0,0.01,0,0,0,0,0.03,0,0,0,0,0,0.02,0,0,0,0,0,0,0,0.07,0,0,0,0,0,0,0.03,0,0,0,0.04,0,0,0,0.01,0,0,0,0,0,0,0,0,0,0,0,0,0.01,0,0,0,0,0,0,0,0,0.06,0,0,0,0,0,0,0,0,0,0,0,0,0,0,0,0,0,0,0,0,0,0,0.02,0.01,0,0,0,0,0,0,0,0.01,0,0,0,0,0,0.09,0.01,0.2,0,0,0,0.03,0,0.02,0.03,0,0,0,0,0,0,0,0,0.01,0,0,0,0,0,0.02,0,0,0.01,0,0,0,0,0,0,0,0,0,0,0,0,0,0,0,0,0,0,0,0.01,0,0,0,0.04,0,0,0,0,0,0,0,0,0,0,0,0,0,0.01,0,0,0.01,0,0.03,0,0,0.01,0,0.01,0,0,0.02,0,0,0.03,0,0.01,0,0,0,0,0,0,0,0.01,0,0,0,0,0,0,0,0,0,0,0,0,0,0,0,0,0,0,0.01,0
Banaswadi,0,0.018518519,0,0,0,0.018518519,0,0,0,0.018518519,0.018518519,0,0,0,0,0.055555556,0,0,0.037037037,0,0,0,0,0,0,0,0,0,0.037037037,0,0,0,0,0,0,0,0.018518519,0,0,0,0,0,0,0,0.018518519,0,0,0,0,0.055555556,0,0,0,0,0,0,0.055555556,0,0,0,0.037037037,0,0,0,0.018518519,0,0,0,0,0,0,0,0.018518519,0.018518519,0,0,0,0.018518519,0,0,0,0.018518519,0,0.018518519,0,0,0.018518519,0,0,0,0,0,0,0,0,0,0,0,0,0,0,0,0,0,0,0,0,0,0,0,0,0,0,0,0,0,0,0,0,0,0,0,0,0,0.037037037,0.018518519,0.166666667,0,0,0,0.018518519,0,0,0.018518519,0,0,0,0.055555556,0,0,0,0,0.018518519,0,0,0,0,0,0,0,0,0,0,0,0,0,0,0,0,0,0,0,0,0,0,0,0,0,0,0,0,0.018518519,0,0,0,0.055555556,0,0,0,0,0,0,0.018518519,0,0,0,0,0,0,0.018518519,0,0,0,0,0.018518519,0,0,0,0,0,0,0,0,0,0,0,0,0,0,0,0,0,0,0,0,0,0,0,0,0,0,0,0,0,0,0,0,0,0,0,0.018518519,0,0,0,0,0
Bangalore Cantonment railway station,0,0.010309278,0,0,0.010309278,0,0,0.020618557,0.010309278,0,0.010309278,0,0,0,0,0.020618557,0,0,0.020618557,0,0,0,0,0,0,0,0,0,0,0,0,0,0.010309278,0.010309278,0,0,0,0,0,0,0,0.010309278,0,0,0,0,0,0,0,0.051546392,0.010309278,0,0,0,0,0,0.030927835,0,0.030927835,0,0.030927835,0,0.010309278,0,0,0.010309278,0,0,0.010309278,0,0,0,0.020618557,0,0,0,0,0,0,0,0,0,0.010309278,0,0,0,0.020618557,0,0,0,0,0,0,0,0,0,0.010309278,0.010309278,0,0,0,0,0,0,0,0,0.010309278,0,0,0.010309278,0,0,0,0,0,0,0,0,0,0,0.041237113,0.010309278,0,0.010309278,0.041237113,0,0.144329897,0,0,0,0,0.010309278,0,0.030927835,0,0,0,0,0,0,0,0,0.020618557,0,0,0,0,0,0,0.010309278,0,0,0,0.010309278,0,0,0,0,0,0,0.010309278,0,0.020618557,0,0,0,0,0,0,0,0,0.020618557,0,0,0,0.020618557,0,0,0,0,0,0.010309278,0.030927835,0,0,0.010309278,0,0,0,0.010309278,0,0,0,0,0.010309278,0,0,0,0,0.010309278,0,0,0.020618557,0,0,0,0,0,0,0,0,0.010309278,0,0,0,0.020618557,0,0,0,0,0,0,0,0,0,0,0,0,0,0,0,0.010309278,0,0.010309278,0.030927835,0
Bangalore Development Authority,0,0,0,0,0,0.01,0,0,0,0,0.01,0,0,0,0,0.01,0,0,0.02,0,0.03,0,0,0,0.01,0,0,0,0,0,0,0,0,0,0,0.03,0.01,0,0,0,0,0.02,0,0,0,0,0,0,0,0.11,0.01,0,0,0,0,0.01,0.02,0,0.01,0,0.03,0,0,0,0,0,0,0,0,0.01,0,0,0.01,0.01,0,0,0,0,0,0,0,0,0,0,0,0,0.02,0,0,0,0,0,0,0,0,0,0,0,0.01,0,0,0,0,0.02,0,0,0,0,0.01,0.01,0.01,0,0.01,0,0,0,0,0,0,0,0.01,0.01,0,0,0.06,0,0.16,0.01,0.01,0,0.05,0,0,0.01,0,0.01,0,0,0,0,0,0.01,0.02,0,0,0,0,0,0,0,0,0.01,0,0,0,0,0,0,0,0,0,0,0,0,0.01,0,0,0,0,0,0,0,0,0,0,0.02,0,0,0,0,0,0,0.03,0.01,0,0,0,0,0,0,0,0,0,0,0,0,0,0.01,0,0,0,0,0.02,0,0,0.01,0,0,0,0,0,0.01,0,0,0,0.01,0,0,0.01,0,0,0,0,0.01,0,0.01,0,0,0,0,0,0,0,0,0,0.01
Bangalore Palace,0,0,0,0,0,0,0,0.02,0.01,0,0.01,0,0,0,0,0.01,0.01,0,0.01,0,0,0,0,0,0,0,0,0,0,0,0,0,0,0.01,0,0,0,0,0,0,0,0,0,0,0,0,0,0,0,0.06,0,0,0,0,0.01,0,0.04,0,0,0,0.06,0,0.01,0,0,0,0,0,0,0,0,0,0.02,0.02,0,0,0,0,0,0,0,0,0.01,0,0,0.01,0.01,0.01,0,0,0,0.01,0,0,0,0,0.01,0.01,0,0,0,0,0,0,0,0,0.01,0.01,0,0.02,0,0,0,0,0,0,0,0,0.01,0,0.06,0.01,0,0,0.02,0,0.2,0,0,0,0.01,0,0,0.01,0,0,0,0,0,0,0,0,0.01,0,0,0,0,0,0,0.01,0,0,0,0.01,0,0,0,0,0,0,0.01,0,0.02,0,0,0,0,0,0,0,0,0.01,0,0.01,0,0.02,0.01,0,0,0.01,0,0.01,0.02,0,0,0.01,0,0,0,0.01,0,0,0.01,0,0.01,0,0,0.01,0,0,0,0,0,0,0,0,0,0,0,0,0,0.01,0,0,0,0.01,0,0,0,0,0,0,0,0,0,0,0,0,0,0,0.01,0.01,0,0.01,0.01,0
Bangalore University,0,0,0,0,0,0,0,0,0,0,0.010638298,0,0,0,0,0.021276596,0,0,0.031914894,0,0.010638298,0,0,0,0,0,0,0,0,0,0,0,0.010638298,0,0,0,0,0,0,0,0,0.010638298,0,0,0,0,0,0,0,0.106382979,0.010638298,0,0,0,0,0,0.031914894,0,0.042553191,0,0.021276596,0,0,0,0,0.010638298,0,0,0.010638298,0,0,0,0.031914894,0,0,0,0,0,0,0,0.010638298,0,0,0,0,0,0.053191489,0,0,0,0,0,0,0,0,0,0,0,0,0,0,0,0,0,0,0,0,0,0,0,0,0,0,0,0,0,0,0,0,0,0.021276596,0,0,0.010638298,0.031914894,0,0.180851064,0,0,0,0,0,0,0.021276596,0,0,0,0,0.010638298,0,0,0,0.010638298,0,0,0.010638298,0,0,0,0.031914894,0,0,0,0,0,0,0,0,0.010638298,0.010638298,0,0,0,0,0,0,0,0,0,0.010638298,0,0.021276596,0,0,0,0.010638298,0,0,0,0,0,0,0.021276596,0,0,0,0,0,0,0,0,0,0,0,0.010638298,0,0,0.010638298,0,0.031914894,0,0,0.021276596,0,0,0,0,0.010638298,0,0,0,0,0,0,0,0.031914894,0,0,0,0,0,0,0,0,0,0.010638298,0,0,0,0,0,0,0,0,0.031914894,0
Basavanagudi,0,0,0,0,0,0,0,0.01,0,0,0.01,0,0,0,0,0,0,0,0.03,0,0,0,0,0,0,0,0,0,0.01,0,0.01,0,0.01,0,0,0.03,0,0,0,0,0,0.01,0,0,0,0,0,0,0,0.06,0.01,0,0,0,0,0,0.01,0,0,0,0.04,0,0,0,0,0,0,0,0,0,0,0,0.01,0.01,0,0,0,0,0,0,0,0,0,0,0,0.01,0.06,0,0,0,0,0,0,0,0,0.01,0,0,0,0,0,0,0,0,0,0,0,0,0,0.01,0,0,0,0,0,0.01,0,0,0.01,0,0,0,0,0,0.08,0.01,0.22,0,0,0,0.02,0,0.01,0.04,0,0,0,0,0,0,0,0,0.01,0,0,0,0,0,0,0,0,0,0,0,0,0,0,0,0,0,0,0,0,0,0,0,0,0,0,0,0,0.03,0,0,0,0.03,0,0,0,0,0.01,0,0,0,0,0,0,0,0,0.03,0,0,0.01,0.02,0.05,0,0,0,0.01,0,0,0,0.03,0,0,0,0,0,0,0,0,0,0,0,0.01,0,0,0,0,0,0,0,0,0,0,0,0,0,0,0,0,0,0,0,0.01,0
Basavanna,0,0,0,0,0,0,0,0,0,0,0,0,0,0,0,0,0,0,0.166666667,0,0,0.166666667,0,0,0,0,0,0,0,0,0,0,0,0,0,0,0,0,0,0,0,0,0,0,0,0,0,0,0,0.166666667,0,0,0,0,0,0,0,0,0,0,0,0,0,0,0,0,0,0,0,0,0,0,0,0,0,0,0,0,0,0,0,0,0,0,0,0,0,0,0,0,0,0,0,0,0,0,0,0,0,0,0,0,0,0,0,0,0,0,0,0,0,0,0,0,0,0,0,0,0,0,0,0,0,0,0,0,0,0,0,0,0,0,0,0,0,0,0,0,0,0,0,0,0,0,0,0,0,0,0,0,0,0,0,0,0,0,0,0,0,0,0,0,0,0,0,0,0,0,0,0,0,0.166666667,0,0,0,0,0,0,0,0.166666667,0,0,0,0,0,0,0,0,0,0.166666667,0,0,0,0,0,0,0,0,0,0,0,0,0,0,0,0,0,0,0,0,0,0,0,0,0,0,0,0,0,0,0,0,0,0,0,0,0,0,0,0,0,0,0,0,0,0
Basaveshwaranagar,0,0,0,0,0,0,0,0,0,0,0.016129032,0,0,0,0,0,0,0,0.064516129,0,0,0,0,0,0,0,0,0,0,0,0,0,0,0,0,0.016129032,0,0,0,0,0,0,0,0,0,0,0,0,0,0.096774194,0,0,0,0,0,0,0.032258065,0,0,0,0,0,0,0,0,0,0,0,0,0,0,0,0.048387097,0,0,0,0,0,0,0,0,0,0,0,0,0,0.064516129,0,0,0,0,0,0,0,0,0.016129032,0,0,0,0,0,0,0,0.016129032,0,0,0,0,0,0.032258065,0,0,0,0,0,0,0,0,0,0,0.016129032,0,0,0,0.080645161,0,0.209677419,0,0.016129032,0,0,0,0,0,0,0,0,0,0,0,0,0.016129032,0,0,0,0,0,0,0,0,0.032258065,0,0,0,0,0,0,0,0.016129032,0,0,0,0,0,0,0,0,0,0,0,0,0,0,0,0,0.064516129,0,0,0.016129032,0,0,0,0,0,0,0,0,0,0,0.016129032,0,0,0,0,0,0,0,0.016129032,0,0.016129032,0,0,0.048387097,0,0,0,0,0,0,0,0,0,0,0,0,0,0,0,0,0,0,0,0,0,0,0,0,0,0,0,0.032258065,0,0,0,0,0
Begur,0,0,0,0,0,0,0,0,0,0,0.133333333,0,0.066666667,0,0,0.066666667,0,0,0,0,0,0,0,0,0,0,0,0,0,0,0,0,0,0,0,0,0,0,0,0,0,0,0,0,0,0,0,0,0,0,0,0,0,0,0,0,0,0,0,0,0,0,0,0,0,0,0,0,0,0,0,0,0,0,0,0,0,0,0,0,0,0,0,0,0,0,0,0,0,0,0,0,0,0,0,0,0,0,0,0,0,0,0,0,0,0,0,0,0,0,0,0,0,0,0,0,0,0,0,0,0,0,0,0,0.066666667,0,0.4,0,0,0,0,0,0,0,0,0,0,0,0,0,0,0,0,0,0,0,0,0,0,0,0,0,0,0,0,0,0,0,0,0,0,0,0,0,0,0,0,0,0,0,0,0,0,0,0,0.2,0,0,0,0,0,0,0,0,0.066666667,0,0,0,0,0,0,0,0,0,0,0,0,0,0,0,0,0,0,0,0,0,0,0,0,0,0,0,0,0,0,0,0,0,0,0,0,0,0,0,0,0,0,0,0,0,0,0,0,0,0,0
Bellandur,0,0.011235955,0,0,0,0.011235955,0,0,0,0,0.011235955,0,0,0,0,0,0,0,0.02247191,0,0.011235955,0,0,0,0,0,0,0.011235955,0,0,0,0,0,0,0,0.011235955,0,0,0,0,0,0,0,0,0.011235955,0,0.011235955,0,0,0.078651685,0,0,0,0,0,0,0,0,0,0,0.04494382,0,0,0,0,0,0,0,0,0,0,0,0.011235955,0.011235955,0,0,0,0.011235955,0,0,0.011235955,0,0,0,0,0,0.056179775,0,0,0,0,0,0.011235955,0,0,0,0,0,0,0,0,0,0,0,0.011235955,0,0,0,0,0.02247191,0,0,0,0,0,0,0,0,0,0,0.04494382,0.011235955,0,0,0.02247191,0,0.157303371,0,0,0,0.011235955,0,0,0.011235955,0,0.011235955,0,0,0.02247191,0,0,0.02247191,0.04494382,0,0.011235955,0.011235955,0,0,0,0,0,0,0,0,0,0,0.011235955,0,0.011235955,0,0,0,0,0,0.02247191,0,0.011235955,0,0,0,0,0,0,0,0,0.033707865,0,0,0,0,0,0,0.011235955,0,0,0,0,0.011235955,0,0.011235955,0,0,0,0,0.02247191,0,0,0.011235955,0,0.011235955,0,0,0,0.011235955,0,0,0,0,0,0.02247191,0,0,0,0,0,0.011235955,0,0,0,0,0,0,0,0,0,0,0,0.011235955,0,0,0.011235955,0,0,0,0,0
Bellandur Lake,0.037037037,0,0,0.037037037,0,0,0,0,0,0,0,0,0,0,0,0,0,0,0.074074074,0,0,0,0,0,0,0,0,0,0,0,0,0,0,0.037037037,0,0,0,0,0,0,0,0,0,0,0,0.037037037,0,0,0.037037037,0,0,0,0,0,0,0,0,0,0,0,0,0,0,0,0,0,0,0,0,0,0,0,0.074074074,0,0,0,0,0,0,0,0,0,0,0,0,0.037037037,0.222222222,0,0,0,0,0,0,0,0,0.037037037,0,0,0,0,0,0,0,0,0,0,0,0,0,0.037037037,0,0,0,0,0,0,0,0,0,0,0,0,0,0,0,0,0.148148148,0,0,0,0,0,0,0,0,0,0,0.037037037,0,0,0,0,0,0,0,0,0,0,0,0,0,0,0,0,0,0,0.037037037,0,0,0,0,0,0,0,0,0,0,0,0,0,0,0,0,0,0,0,0,0,0,0,0,0,0,0,0,0,0,0,0,0.074074074,0,0,0,0,0,0,0,0,0,0,0,0,0,0,0,0,0,0,0,0,0,0,0.037037037,0,0,0,0,0,0,0,0,0,0,0,0,0,0,0,0,0,0,0,0,0,0,0
Bommanahalli,0,0,0,0,0,0,0,0,0,0,0.016129032,0,0,0,0,0,0,0,0.016129032,0,0.032258065,0,0,0,0,0,0,0,0,0,0,0,0,0,0,0,0,0,0,0,0,0.016129032,0,0,0,0,0,0,0,0.032258065,0,0,0,0,0,0.016129032,0.032258065,0,0,0,0.032258065,0,0,0,0,0,0,0,0,0,0,0,0.032258065,0,0,0,0,0.016129032,0,0,0,0,0,0,0,0.016129032,0.032258065,0,0,0,0,0,0,0,0.016129032,0,0,0,0,0,0,0,0,0,0,0,0,0,0,0,0,0,0,0,0,0,0,0,0,0,0,0.016129032,0,0,0.080645161,0,0.274193548,0,0,0,0,0,0,0,0,0,0,0,0,0,0,0.016129032,0.016129032,0,0,0.016129032,0,0,0,0,0,0,0,0,0,0,0,0,0,0,0,0,0,0,0.016129032,0,0,0,0,0,0,0,0,0,0,0.064516129,0,0,0,0,0,0,0.016129032,0.016129032,0,0,0,0,0,0.016129032,0,0,0,0,0.032258065,0,0,0.016129032,0,0,0,0,0.032258065,0,0,0,0,0,0,0,0,0.016129032,0,0,0,0.016129032,0,0,0,0,0,0,0,0,0,0,0,0,0,0,0.032258065,0,0,0,0,0
Bommasandra,0,0,0,0,0,0,0,0,0,0,0,0,0,0,0,0,0,0,0,0,0,0,0,0,0,0,0,0,0,0,0,0,0,0,0,0,0,0,0,0,0,0,0,0,0.111111111,0,0,0,0,0.111111111,0,0,0,0,0,0,0,0,0,0,0.111111111,0,0,0,0,0,0,0,0,0,0,0,0,0,0,0,0,0,0,0,0,0,0,0,0,0,0.111111111,0,0,0,0,0,0,0,0,0,0,0,0,0,0,0,0,0,0,0,0,0,0,0,0,0,0,0,0,0,0,0,0,0,0.222222222,0,0,0,0,0,0.111111111,0,0,0,0,0,0,0,0,0,0,0,0,0,0,0,0,0,0,0,0,0,0,0,0,0,0,0,0,0,0,0,0,0,0,0,0,0,0,0,0,0,0,0,0,0,0,0,0,0.111111111,0,0,0,0,0,0,0,0,0,0,0,0,0,0,0,0,0,0,0,0,0,0,0,0,0,0,0,0,0,0,0,0,0.111111111,0,0,0,0,0,0,0,0,0,0,0,0,0,0,0,0,0,0,0,0,0,0,0,0,0,0,0
British Raj,0,0,0,0,0.01,0,0.01,0.01,0,0.01,0.01,0.01,0,0,0,0,0,0.01,0.02,0,0.01,0,0.01,0,0,0,0,0,0,0,0,0.01,0.01,0,0,0.04,0.02,0,0.01,0,0,0.01,0,0,0,0,0,0,0,0.03,0,0.01,0,0,0,0,0.02,0,0.01,0.01,0.02,0,0,0,0,0,0,0,0.01,0.01,0,0.01,0,0,0,0,0,0,0,0,0,0,0,0,0,0,0,0,0,0,0,0,0,0,0,0,0.01,0.01,0.01,0,0,0,0,0,0,0,0,0,0,0.01,0.01,0,0,0,0,0,0,0.01,0,0,0.05,0,0,0,0.02,0,0.14,0,0,0,0.03,0.03,0,0,0,0,0,0,0,0,0,0,0.05,0,0,0.01,0,0,0.02,0,0.01,0,0,0,0.01,0.01,0,0,0,0,0,0,0,0,0,0,0,0,0,0,0,0.02,0,0,0,0,0,0,0,0,0,0,0.02,0,0,0,0,0,0,0,0,0,0,0,0,0,0,0.02,0,0.01,0,0,0.01,0,0,0.02,0,0.01,0,0,0.01,0.01,0,0.02,0,0,0,0,0,0.01,0,0,0,0,0.01,0,0,0,0,0,0.03,0,0.01,0,0,0
CV Raman Nagar,0,0,0,0,0,0,0,0,0,0,0.02,0,0,0,0,0,0,0,0,0,0,0,0,0,0,0,0,0,0,0,0,0,0,0,0,0.02,0,0.02,0,0,0,0,0,0,0.04,0.02,0,0,0,0.08,0,0,0,0,0,0,0,0,0.02,0,0.06,0,0,0,0.02,0,0,0,0,0,0,0,0.06,0,0,0,0,0.02,0,0,0,0,0,0,0,0,0.06,0,0,0,0,0,0,0,0,0.02,0,0,0,0,0,0,0,0,0,0,0,0,0.02,0.02,0,0,0,0,0,0,0,0,0,0,0,0,0,0,0.02,0,0.14,0,0,0.02,0.02,0,0,0,0,0,0,0,0,0.04,0,0,0,0,0,0,0,0.02,0.02,0,0,0,0,0,0,0,0,0.02,0,0,0,0,0,0,0,0,0,0,0,0,0,0,0,0,0,0.04,0,0.02,0,0,0,0,0,0,0,0,0,0,0,0.02,0,0,0,0,0.04,0,0,0,0,0.02,0,0,0.02,0,0,0,0,0,0,0,0,0.02,0,0,0,0,0,0,0,0,0,0,0,0,0,0.02,0,0,0,0,0,0,0,0,0,0
Cantonment,0,0.01,0,0,0.01,0.01,0.01,0,0,0.01,0.01,0.01,0,0,0,0,0,0,0.01,0,0,0,0.01,0,0,0,0,0,0,0,0.01,0,0,0,0,0.01,0.03,0,0.01,0,0,0.02,0,0,0,0,0,0,0,0.03,0,0,0,0,0,0,0.03,0,0.01,0.02,0.02,0,0.01,0,0,0,0,0,0.01,0.01,0,0.01,0,0.01,0,0,0,0,0,0,0.01,0.01,0,0,0,0,0,0,0,0,0,0,0,0,0,0,0.01,0.01,0.01,0,0,0,0,0,0,0,0,0,0,0.01,0.01,0,0,0,0,0,0,0,0,0,0.06,0,0,0,0.03,0,0.14,0,0,0,0.02,0.03,0,0,0,0,0,0.01,0,0,0,0,0.06,0,0,0.01,0,0,0,0,0,0,0,0,0,0,0,0,0,0,0,0,0,0,0,0,0,0,0,0,0,0.01,0,0,0,0.01,0,0,0,0.01,0,0,0.04,0,0,0.01,0,0,0,0,0,0,0,0,0,0,0,0.01,0,0.03,0,0,0,0,0.01,0,0,0,0,0,0,0.02,0,0.02,0,0.02,0,0,0,0,0,0,0,0.01,0,0,0,0,0,0,0.02,0,0.01,0,0.01,0
Chandapura,0,0,0,0,0,0,0,0,0,0,0.25,0,0,0,0,0,0,0,0,0,0,0,0,0,0,0,0,0,0,0,0,0,0,0,0,0,0,0,0,0,0,0,0,0,0,0,0,0,0,0,0,0,0,0,0,0,0,0,0,0,0.25,0,0,0,0,0,0,0,0,0,0,0,0,0,0,0,0,0,0,0,0,0,0,0,0,0,0,0,0,0,0,0,0,0,0,0,0,0,0,0,0,0,0,0,0,0,0,0,0,0,0,0,0,0,0,0,0,0,0,0,0,0,0,0,0,0,0.5,0,0,0,0,0,0,0,0,0,0,0,0,0,0,0,0,0,0,0,0,0,0,0,0,0,0,0,0,0,0,0,0,0,0,0,0,0,0,0,0,0,0,0,0,0,0,0,0,0,0,0,0,0,0,0,0,0,0,0,0,0,0,0,0,0,0,0,0,0,0,0,0,0,0,0,0,0,0,0,0,0,0,0,0,0,0,0,0,0,0,0,0,0,0,0,0,0,0,0,0,0,0,0,0,0,0,0,0,0
Chickpet,0,0,0,0,0,0,0.014925373,0,0,0,0,0,0,0,0,0,0,0.014925373,0,0,0,0,0.014925373,0,0,0,0.014925373,0,0,0,0,0,0,0,0,0.029850746,0,0,0,0,0,0,0,0,0,0,0,0,0,0,0,0.014925373,0,0,0,0,0,0,0,0,0.059701493,0,0,0,0,0,0,0,0,0,0,0,0.014925373,0.014925373,0,0,0,0,0,0,0,0,0,0,0,0,0.044776119,0,0,0.014925373,0,0,0,0,0,0,0,0,0,0,0,0,0,0,0.014925373,0,0,0,0,0,0,0,0,0,0,0.014925373,0,0,0,0,0.089552239,0.014925373,0,0,0,0,0.313432836,0,0,0,0,0,0,0.014925373,0,0,0,0,0,0,0,0,0,0,0,0,0,0,0,0,0.029850746,0,0,0,0,0.014925373,0,0,0.014925373,0,0,0,0,0,0,0,0,0,0,0,0,0.014925373,0,0,0,0,0,0,0,0,0,0,0,0,0,0.014925373,0,0,0,0.014925373,0,0,0,0,0,0,0,0.029850746,0,0.014925373,0,0,0,0,0,0.014925373,0,0,0,0,0.014925373,0,0,0,0,0,0,0,0,0.029850746,0,0,0,0,0.014925373,0,0,0,0,0,0.029850746,0.014925373,0,0,0,0
Chikkabanavara,0,0,0,0,0,0,0,0,0,0,0,0,0,0,0,0,0,0,0,0,0,0,0,0,0,0,0,0,0,0,0,0,0,0,0,0,0,0,0,0,0,0,0,0,0,0,0,0,0,0.2,0,0,0,0,0,0,0,0,0,0,0.2,0,0,0,0,0,0,0,0,0,0,0,0,0,0,0,0,0,0,0,0,0,0,0,0,0,0,0,0,0,0,0,0,0,0,0,0,0,0,0,0,0,0,0,0,0,0,0,0,0,0,0,0,0,0,0,0,0,0,0,0,0,0,0,0,0,0,0,0,0,0,0,0,0,0,0,0,0,0,0,0,0,0,0,0,0,0,0,0,0,0,0,0,0,0,0,0,0,0,0,0,0,0,0,0,0,0,0,0,0,0,0.2,0,0,0,0,0,0,0,0,0,0,0,0,0,0,0,0,0,0.2,0,0,0,0,0,0.2,0,0,0,0,0,0,0,0,0,0,0,0,0,0,0,0,0,0,0,0,0,0,0,0,0,0,0,0,0,0,0,0,0,0,0,0,0,0,0,0
Cox Town,0,0,0,0,0,0,0,0,0,0,0.013888889,0,0,0,0,0.027777778,0,0,0.041666667,0,0.013888889,0,0,0,0,0,0,0,0,0,0,0,0,0,0,0,0,0,0,0,0,0.013888889,0,0,0,0,0,0,0,0.111111111,0,0,0,0,0,0,0.041666667,0,0.027777778,0,0.027777778,0,0,0,0,0,0,0,0,0,0,0,0.013888889,0,0,0,0,0,0,0,0.013888889,0,0,0,0,0,0.055555556,0,0,0,0,0,0,0,0,0,0,0,0,0,0,0,0,0,0,0,0,0,0,0,0,0,0,0,0,0,0,0,0,0,0.013888889,0,0,0.013888889,0.041666667,0,0.180555556,0,0,0,0,0,0,0.013888889,0,0,0,0,0.013888889,0,0,0,0.013888889,0,0,0.013888889,0,0,0,0.041666667,0,0,0,0,0,0,0,0,0.013888889,0,0,0,0,0,0,0,0,0,0,0.013888889,0,0.027777778,0,0,0,0.013888889,0,0,0,0,0,0,0.041666667,0,0,0,0,0,0,0,0,0,0,0,0.013888889,0,0,0.013888889,0,0.027777778,0,0,0.027777778,0,0,0,0,0.013888889,0,0,0,0,0,0,0,0.027777778,0,0,0,0,0,0,0,0,0,0.013888889,0,0,0,0,0,0,0,0,0,0
Cunningham Road,0,0.01,0,0,0.01,0.01,0.01,0,0.01,0.01,0.01,0.01,0,0,0,0,0,0,0.01,0,0,0,0.01,0,0,0,0,0,0,0,0.01,0,0,0,0,0.01,0.03,0,0.01,0,0,0.02,0,0,0,0,0,0,0,0.04,0,0,0,0,0,0,0.04,0,0.01,0.01,0.02,0,0.01,0,0,0,0,0,0.01,0.01,0,0.01,0.01,0.01,0,0,0,0,0,0,0.01,0.01,0,0,0,0,0,0,0,0,0,0,0,0,0,0,0.02,0.01,0.01,0,0,0,0,0,0,0,0.01,0,0,0.01,0.01,0,0,0,0,0,0,0,0,0,0.07,0.01,0,0,0.03,0,0.12,0,0,0,0.02,0.01,0,0,0,0,0,0.01,0,0,0,0,0.05,0,0,0.01,0,0,0,0,0,0,0,0.01,0,0,0,0,0,0,0,0,0.01,0,0,0,0,0,0,0,0,0.01,0,0,0,0.01,0,0,0,0.01,0,0,0.05,0,0,0.01,0,0,0,0,0,0,0,0,0,0,0,0,0,0.02,0,0,0,0,0,0,0,0,0,0,0,0.02,0,0.01,0,0.01,0,0,0,0,0,0,0,0.01,0,0,0,0,0,0,0.02,0.01,0,0,0.01,0
Domlur,0.021276596,0,0,0,0,0,0.021276596,0,0,0,0,0,0,0,0,0,0,0,0.021276596,0,0,0,0,0,0,0,0,0,0,0,0,0,0,0,0,0,0,0,0,0,0,0,0,0.021276596,0.021276596,0.021276596,0,0,0.042553191,0.085106383,0,0,0,0,0,0,0,0,0,0,0.063829787,0,0,0,0,0,0,0,0,0,0,0,0.042553191,0,0,0,0,0,0,0,0,0,0,0,0,0,0.085106383,0,0,0,0,0,0.042553191,0,0,0.021276596,0,0,0.021276596,0,0,0,0,0,0,0,0.021276596,0,0,0,0,0,0,0,0,0,0,0,0,0.021276596,0.042553191,0,0,0,0,0,0.127659574,0,0,0,0,0,0,0,0,0,0,0.021276596,0,0,0,0,0,0,0,0,0,0,0.021276596,0.042553191,0,0,0,0,0,0,0,0,0,0,0,0,0,0,0,0,0,0,0,0,0,0,0,0,0,0.042553191,0,0,0,0,0,0,0,0,0,0,0,0,0,0.063829787,0,0.021276596,0,0,0.021276596,0,0,0,0,0,0,0,0,0,0,0,0,0,0,0,0,0,0,0,0,0.021276596,0,0,0,0,0,0,0,0,0,0,0,0,0,0,0,0,0,0,0,0
Electronic City,0,0,0,0,0,0,0,0,0,0,0.038461538,0,0,0,0,0.019230769,0,0,0,0,0.019230769,0.019230769,0,0,0,0,0,0,0,0,0,0,0,0,0,0.019230769,0,0,0,0,0,0,0,0,0,0.019230769,0,0,0,0.076923077,0,0,0,0,0,0,0.019230769,0,0,0,0.096153846,0,0,0,0,0,0.019230769,0,0,0,0,0,0.057692308,0,0,0.019230769,0,0,0,0,0,0,0,0,0,0,0.057692308,0,0,0,0.019230769,0,0.038461538,0,0,0,0.019230769,0,0,0,0,0,0,0,0,0,0,0,0,0,0,0,0,0,0,0,0,0,0,0,0.076923077,0,0,0,0.019230769,0,0.153846154,0,0,0,0,0,0,0.019230769,0,0,0,0,0,0,0,0,0,0,0,0,0,0,0,0,0,0,0,0,0,0,0.019230769,0.038461538,0,0,0,0,0,0,0,0,0,0,0,0,0,0,0,0,0,0.057692308,0,0,0,0,0,0,0,0,0,0,0,0,0,0,0,0,0,0,0.019230769,0,0,0,0,0,0,0,0,0,0,0,0,0,0,0,0,0,0,0,0,0,0,0,0,0,0,0,0.019230769,0,0,0,0,0,0,0,0.019230769,0,0,0,0,0
Fraser Town,0,0,0,0,0,0,0,0,0,0,0.010309278,0,0,0,0,0.030927835,0,0,0.030927835,0,0.010309278,0,0,0,0,0,0,0,0,0,0,0,0.010309278,0,0,0,0,0,0,0,0,0.010309278,0,0,0,0,0,0,0,0.092783505,0.010309278,0,0,0,0,0,0.030927835,0,0.041237113,0,0.020618557,0,0.010309278,0,0,0.010309278,0,0,0.010309278,0,0,0,0.020618557,0,0,0,0,0.010309278,0,0,0.010309278,0,0.010309278,0,0,0,0.030927835,0,0,0,0,0,0,0,0,0,0,0.010309278,0,0,0,0,0,0,0,0,0,0,0,0,0,0,0,0,0,0,0,0,0,0,0.010309278,0,0,0.010309278,0.030927835,0,0.206185567,0,0,0,0,0,0,0.020618557,0,0,0,0,0.010309278,0,0,0,0.010309278,0,0.010309278,0.010309278,0,0,0,0.030927835,0,0,0,0,0,0,0,0,0,0,0.010309278,0,0,0,0,0,0,0,0,0.010309278,0,0.020618557,0,0,0,0.010309278,0,0,0,0,0,0,0.020618557,0,0,0,0,0,0,0,0,0,0,0,0.010309278,0,0,0.010309278,0,0.020618557,0,0,0.020618557,0,0,0.010309278,0,0.010309278,0,0,0,0,0,0,0,0.030927835,0,0,0,0,0,0,0,0,0,0.010309278,0,0,0,0,0,0,0,0,0.030927835,0
Girinagar,0,0,0,0,0,0,0,0,0,0,0,0,0,0,0,0,0,0,0,0,0,0,0,0,0,0,0,0,0,0,0,0,0,0,0,0.066666667,0,0,0,0,0,0,0,0,0.033333333,0,0,0,0,0.033333333,0,0,0,0,0,0,0,0,0,0,0.033333333,0,0,0,0,0,0,0,0,0,0,0,0.066666667,0,0,0,0,0,0,0,0,0.033333333,0,0,0,0,0.066666667,0,0,0,0,0,0.033333333,0,0,0,0,0.033333333,0,0,0,0,0,0,0,0,0,0,0,0,0,0,0,0,0,0,0,0,0,0,0,0,0,0,0,0,0.133333333,0,0,0,0,0,0,0.033333333,0,0,0,0,0,0,0,0,0,0,0,0,0,0.066666667,0,0,0,0,0,0,0,0,0,0,0,0,0,0,0,0,0,0,0,0,0,0,0,0.066666667,0,0,0,0.066666667,0,0,0,0,0,0,0,0,0,0,0,0,0,0,0.033333333,0,0,0,0,0,0,0,0,0,0,0.033333333,0,0.033333333,0,0,0,0,0,0,0,0,0,0,0,0,0,0,0,0,0,0.033333333,0,0,0,0,0,0.033333333,0,0.033333333,0.033333333,0,0,0,0,0
Global Village Tech Park,0,0,0,0,0,0,0.038461538,0,0,0,0,0,0,0,0,0,0,0,0.038461538,0,0,0,0,0,0,0,0,0,0,0,0,0,0,0,0,0,0,0,0,0,0,0,0,0,0,0,0,0,0,0.153846154,0,0,0,0,0,0,0.038461538,0,0,0,0.038461538,0,0,0,0,0,0,0,0,0,0,0,0,0,0,0,0,0,0,0,0,0,0,0,0,0,0.038461538,0,0,0,0,0,0.038461538,0,0,0,0,0,0,0,0,0,0,0,0,0,0,0,0.038461538,0,0,0,0,0,0,0,0,0,0,0,0,0,0,0,0.038461538,0.038461538,0.076923077,0,0,0,0,0,0,0.076923077,0,0,0,0,0,0,0,0,0,0,0,0,0,0,0,0,0,0,0,0,0,0,0,0,0.038461538,0,0,0,0.038461538,0,0,0,0,0,0,0,0,0.038461538,0,0,0,0.115384615,0,0,0,0,0,0,0,0,0,0,0,0,0,0,0,0,0,0,0.076923077,0,0,0,0,0,0,0,0,0,0,0,0,0,0,0,0,0,0,0,0,0,0,0,0,0,0,0,0,0,0,0,0,0,0,0,0.038461538,0,0,0,0,0
Gottigere,0,0,0,0,0,0,0,0,0,0,0,0,0,0,0,0,0,0,0,0,0,0,0,0,0,0,0,0,0,0,0,0,0,0,0,0,0,0,0,0,0,0,0,0,0,0,0,0,0,0,0,0,0,0,0,0,0,0,0,0,0,0,0,0,0,0,0,0,0,0,0,0,0.2,0,0,0,0,0,0,0,0,0,0,0,0,0,0,0,0,0,0,0,0,0,0,0,0,0,0,0,0,0,0,0,0,0,0,0,0,0,0,0,0,0,0,0,0,0,0,0,0,0,0,0,0,0,0.4,0,0,0,0.2,0,0,0,0,0,0,0,0,0,0,0,0,0,0,0,0,0,0,0,0,0,0,0,0,0,0,0,0,0,0,0,0,0,0,0,0,0,0,0,0,0,0,0,0,0,0,0,0,0,0,0,0,0,0,0,0,0,0.2,0,0,0,0,0,0,0,0,0,0,0,0,0,0,0,0,0,0,0,0,0,0,0,0,0,0,0,0,0,0,0,0,0,0,0,0,0,0,0,0,0,0,0,0,0,0,0
HAL,0,0,0,0,0,0,0,0,0,0,0.014925373,0,0,0,0,0,0,0,0.014925373,0,0.029850746,0,0,0,0,0,0,0,0,0,0,0,0,0,0,0,0.014925373,0,0,0,0,0.014925373,0,0,0.014925373,0,0,0,0,0.089552239,0,0,0,0,0,0,0.029850746,0,0.014925373,0,0.029850746,0,0,0,0,0,0,0,0,0,0,0,0.014925373,0,0,0,0,0,0,0,0,0,0,0,0,0.014925373,0.044776119,0,0,0,0,0,0,0,0,0.029850746,0.014925373,0,0,0,0,0,0,0,0,0,0,0,0,0.014925373,0,0,0,0,0,0,0.014925373,0,0,0.014925373,0.029850746,0,0,0,0,0,0.28358209,0,0,0,0,0,0,0.014925373,0,0,0,0.029850746,0,0,0,0,0,0,0,0,0,0,0,0.029850746,0,0,0,0,0,0,0,0,0,0,0,0,0.014925373,0,0,0,0,0,0,0,0,0.029850746,0,0,0,0.014925373,0,0,0,0,0,0,0,0,0,0,0,0,0,0.029850746,0,0.014925373,0,0,0,0,0,0,0,0.014925373,0,0,0,0,0,0,0,0.014925373,0,0.014925373,0,0,0.014925373,0,0,0,0,0,0,0,0,0,0,0,0,0,0,0,0,0,0,0,0,0,0,0
HBR Layout,0,0.016666667,0,0,0,0,0,0,0,0,0,0,0,0,0,0.05,0,0,0.016666667,0,0,0,0,0,0,0,0.016666667,0,0,0,0,0,0,0,0,0.016666667,0.016666667,0,0,0,0,0.016666667,0,0,0,0,0,0,0,0.066666667,0,0,0,0,0,0,0.05,0,0.016666667,0,0.016666667,0,0,0,0,0,0,0,0,0,0,0,0,0,0,0.016666667,0,0.016666667,0,0,0,0.033333333,0,0,0,0,0.066666667,0,0,0,0,0,0,0,0,0,0,0,0,0,0,0,0,0.016666667,0,0,0,0,0,0,0.016666667,0,0.016666667,0,0,0,0,0,0,0,0,0,0,0,0.033333333,0.016666667,0.15,0,0,0,0,0,0,0,0,0.033333333,0.016666667,0.033333333,0,0,0,0,0.016666667,0,0,0,0,0,0,0,0,0,0,0,0,0,0,0,0,0,0,0,0,0,0.016666667,0,0,0,0,0,0,0,0,0,0.016666667,0.05,0,0,0,0,0,0,0.016666667,0,0,0,0,0,0,0.033333333,0,0,0,0,0.016666667,0,0,0,0,0,0,0,0.016666667,0,0,0,0,0,0,0,0,0.016666667,0,0,0,0.016666667,0,0,0,0,0,0,0,0,0,0,0,0,0,0,0.016666667,0,0,0,0,0
HSR Layout,0,0,0,0,0.013513514,0,0,0,0,0,0.013513514,0,0.013513514,0,0.013513514,0.013513514,0,0,0.027027027,0,0,0,0,0,0,0,0,0.013513514,0,0,0,0,0,0,0,0,0,0,0,0,0,0.013513514,0,0,0.013513514,0,0,0,0,0.094594595,0,0,0,0,0,0.013513514,0.040540541,0,0.013513514,0,0.027027027,0,0,0,0,0,0,0,0,0,0,0,0.027027027,0.013513514,0,0.013513514,0,0.013513514,0,0,0,0,0,0,0,0,0.013513514,0,0,0,0,0,0,0,0,0,0,0,0.013513514,0,0,0,0,0,0,0,0,0,0,0,0,0,0,0,0,0,0,0,0,0,0,0.013513514,0,0,0.067567568,0,0.175675676,0,0.013513514,0,0.040540541,0,0,0,0.013513514,0,0,0,0,0,0,0.027027027,0,0.013513514,0,0,0,0,0,0.013513514,0,0,0,0,0,0,0,0,0,0,0,0,0,0,0.013513514,0,0,0,0,0,0,0.013513514,0,0,0,0.067567568,0,0,0,0,0,0,0.013513514,0.027027027,0,0,0,0,0,0,0,0,0,0,0,0,0,0,0,0,0,0,0.027027027,0,0,0,0,0,0,0,0,0.013513514,0,0,0,0,0,0,0.013513514,0,0,0,0,0,0,0.013513514,0,0,0,0,0,0,0,0,0,0
Hebbal,0,0,0,0,0,0,0,0,0,0,0,0,0,0,0,0,0.025,0,0.025,0,0,0,0,0,0,0,0,0,0,0,0,0,0,0,0,0,0.025,0,0.025,0,0.025,0,0,0,0.025,0,0,0,0,0.075,0,0,0,0,0,0,0.025,0,0,0,0.05,0,0,0,0,0,0,0,0,0,0,0,0.075,0,0,0,0,0,0,0,0,0,0,0,0,0,0.05,0,0,0,0,0,0,0,0,0,0,0,0,0,0.025,0,0,0,0,0,0,0,0,0,0,0,0,0,0,0,0,0,0,0,0,0,0,0,0.075,0,0.25,0,0,0,0.025,0,0,0,0,0,0,0,0.025,0,0,0,0,0,0,0,0,0,0,0,0,0,0,0,0.025,0,0,0,0,0,0,0,0,0,0,0,0,0,0,0,0,0,0,0,0,0.075,0,0,0,0,0,0,0,0,0,0,0,0,0.025,0,0,0,0,0,0.025,0,0,0,0,0,0,0,0,0,0,0.025,0,0,0,0,0,0,0,0,0,0,0,0,0,0,0,0,0,0,0,0,0,0,0,0,0,0,0,0,0,0
Hesaraghatta,0,0,0,0,0,0,0,0,0,0,0,0,0,0,0,0,0,0,0,0,0,0,0,0,0,0,0,0,0,0,0,0,0,0,0,0,0,0,0,0,0,0,0,0,0,0,0,0,0,0,0,0,0,0,0,0,0,0,0,0,0,0,0,0,0,0,0,0,0,0,0,0,0,0,0,0,0,0,0.5,0,0,0,0,0,0.5,0,0,0,0,0,0,0,0,0,0,0,0,0,0,0,0,0,0,0,0,0,0,0,0,0,0,0,0,0,0,0,0,0,0,0,0,0,0,0,0,0,0,0,0,0,0,0,0,0,0,0,0,0,0,0,0,0,0,0,0,0,0,0,0,0,0,0,0,0,0,0,0,0,0,0,0,0,0,0,0,0,0,0,0,0,0,0,0,0,0,0,0,0,0,0,0,0,0,0,0,0,0,0,0,0,0,0,0,0,0,0,0,0,0,0,0,0,0,0,0,0,0,0,0,0,0,0,0,0,0,0,0,0,0,0,0,0,0,0,0,0,0,0,0,0,0,0,0,0,0,0
Hoodi,0,0,0,0,0.023255814,0,0,0,0,0,0,0,0,0,0,0,0,0,0.023255814,0,0.023255814,0,0.023255814,0,0,0,0,0,0,0,0,0,0,0,0,0.046511628,0.069767442,0,0,0,0,0,0,0,0,0,0,0,0,0.069767442,0,0,0,0,0,0,0,0,0,0.023255814,0.093023256,0,0,0,0,0,0,0,0,0,0,0,0,0,0,0,0,0.023255814,0,0,0,0,0,0,0,0,0,0,0,0,0,0,0,0,0,0,0,0.023255814,0,0,0,0,0,0,0,0,0,0,0,0,0.023255814,0,0,0,0,0,0,0,0,0,0.11627907,0,0,0,0.023255814,0,0.069767442,0,0,0,0.023255814,0,0,0,0,0,0,0,0,0,0,0,0,0.023255814,0,0.023255814,0,0,0,0,0,0,0,0,0,0.023255814,0,0,0,0,0,0,0,0,0,0.023255814,0,0,0,0,0.023255814,0,0,0.023255814,0,0,0,0,0,0,0,0,0,0,0,0,0,0,0,0,0,0,0,0,0,0,0,0,0,0.023255814,0,0,0.023255814,0.023255814,0,0,0,0,0.023255814,0,0,0,0,0,0,0,0,0,0,0,0,0,0,0,0,0.023255814,0,0,0,0,0.023255814,0,0,0,0,0
Horamavu,0,0,0,0,0,0,0,0,0,0,0,0,0,0,0,0,0.2,0,0,0,0,0,0,0,0,0,0,0,0,0,0,0,0,0,0,0,0,0,0,0,0,0,0,0,0,0,0,0,0,0,0,0,0,0,0,0,0,0,0,0,0.2,0,0,0,0,0,0,0,0,0,0,0,0,0,0,0,0,0,0,0,0,0,0,0,0,0,0,0,0,0,0,0,0,0.2,0,0,0,0,0,0,0,0,0,0,0,0,0,0,0,0,0,0,0,0,0,0,0,0,0,0,0,0,0,0,0,0,0.2,0,0,0,0,0,0,0,0,0,0,0,0,0,0,0,0,0,0,0,0,0,0,0,0,0,0,0,0,0,0,0,0,0,0,0,0,0,0,0,0,0,0,0,0,0,0,0,0,0,0,0,0,0,0,0,0,0,0,0,0,0,0,0,0,0,0,0,0,0,0,0,0,0,0,0,0,0,0,0,0,0,0,0,0,0,0,0,0,0,0,0,0,0,0,0,0,0,0,0,0,0,0,0,0,0,0,0,0,0
Hosur Road,0,0,0,0,0,0,0.010309278,0,0,0,0.010309278,0,0,0,0,0,0,0.010309278,0.020618557,0,0,0.010309278,0.010309278,0,0,0,0,0,0.010309278,0,0,0.010309278,0.010309278,0,0,0.020618557,0,0,0,0,0,0,0,0,0,0,0,0,0,0.06185567,0,0,0,0,0,0,0.010309278,0,0,0,0.010309278,0,0,0,0,0,0,0,0,0,0,0,0,0.010309278,0,0,0,0,0,0,0,0,0,0,0,0.010309278,0.041237113,0,0,0,0,0,0,0,0,0.010309278,0,0.010309278,0,0,0,0.010309278,0,0,0.010309278,0,0,0,0,0,0,0,0,0.010309278,0,0.020618557,0,0.010309278,0.010309278,0,0.06185567,0,0,0,0.041237113,0,0.195876289,0,0,0,0,0.020618557,0,0,0,0,0,0,0,0,0,0,0,0,0,0,0,0,0,0,0.010309278,0,0,0,0,0.010309278,0,0,0,0,0,0,0,0,0,0,0,0,0,0,0,0.030927835,0,0,0,0.020618557,0,0,0,0,0.010309278,0,0.010309278,0,0,0,0,0,0,0.020618557,0,0,0,0.020618557,0.010309278,0,0,0.010309278,0.010309278,0,0,0,0.020618557,0,0,0.010309278,0.010309278,0,0,0,0.010309278,0,0,0.010309278,0,0.010309278,0,0,0,0.020618557,0,0,0,0,0.010309278,0,0,0,0,0,0.030927835,0,0.010309278,0,0,0
Hulimavu,0,0,0,0,0.018867925,0,0,0,0,0,0,0,0,0,0,0.018867925,0.018867925,0,0,0,0,0,0,0,0.018867925,0,0,0,0,0,0,0,0.018867925,0.018867925,0,0,0,0,0,0,0,0.018867925,0,0,0,0,0,0,0,0.094339623,0,0,0,0,0,0,0.018867925,0,0.037735849,0,0,0,0,0,0,0.018867925,0,0,0,0,0,0,0.037735849,0,0,0,0.018867925,0,0,0.018867925,0,0.018867925,0,0,0,0,0.075471698,0,0,0,0,0,0,0,0,0,0,0,0,0,0,0,0,0,0,0,0,0,0,0,0,0,0,0,0,0,0,0,0,0,0,0,0,0,0.056603774,0,0.132075472,0,0,0,0.018867925,0,0,0,0.018867925,0,0,0,0,0,0,0.018867925,0,0,0,0,0,0,0,0,0,0,0,0,0,0.018867925,0,0,0.056603774,0,0,0,0,0,0,0,0,0,0,0,0,0,0,0,0,0.075471698,0,0,0,0,0,0,0,0,0,0,0.018867925,0,0,0,0,0,0,0,0.018867925,0,0,0,0,0.018867925,0,0,0,0,0,0.037735849,0,0,0.018867925,0,0,0,0.018867925,0,0,0,0,0,0,0,0,0,0,0,0,0,0,0,0,0,0,0,0,0,0,0
ISKCON Temple,0,0,0,0,0.01,0.01,0,0,0,0,0.01,0,0,0,0,0.01,0,0,0.02,0,0.03,0,0,0,0.01,0,0,0,0,0,0,0,0,0,0,0.02,0.01,0,0,0,0,0.02,0,0,0,0,0,0,0,0.12,0.01,0,0,0,0,0.01,0.02,0,0.01,0,0.04,0,0,0,0,0,0,0,0,0.01,0,0,0.01,0.01,0,0,0,0.01,0,0,0,0,0,0,0,0,0.02,0,0,0,0,0,0,0,0,0,0,0,0.01,0,0,0,0,0.02,0,0,0,0,0.01,0.01,0.01,0,0.01,0,0,0,0,0,0,0,0.01,0.01,0,0,0.07,0,0.13,0,0.01,0,0.06,0,0,0.01,0.01,0,0,0,0,0,0,0,0.02,0,0,0,0,0,0,0,0,0.01,0,0,0,0,0,0,0,0,0,0,0,0,0.01,0,0,0,0,0,0,0,0,0,0,0.02,0,0,0,0,0,0,0.03,0.01,0,0,0,0,0,0,0,0,0,0,0,0,0,0.01,0,0,0,0,0.02,0,0,0.01,0,0,0,0,0,0.01,0,0,0,0.01,0,0,0.01,0,0,0,0,0.01,0,0.01,0,0,0,0,0,0,0,0,0,0.01
ITPL,0,0,0,0,0,0.039473684,0,0,0,0,0.039473684,0,0,0,0,0.039473684,0.013157895,0,0.013157895,0,0,0,0,0,0,0,0,0,0,0,0.013157895,0,0,0,0,0.013157895,0.013157895,0,0,0,0,0.013157895,0,0,0,0,0,0,0,0.026315789,0,0,0,0,0,0,0.039473684,0,0.013157895,0,0.026315789,0,0,0,0,0,0,0.013157895,0,0,0,0,0.026315789,0.013157895,0,0,0,0,0,0,0,0.013157895,0,0,0,0,0.052631579,0,0,0,0,0,0,0,0,0,0,0,0.013157895,0,0,0,0,0.026315789,0,0,0,0,0,0,0,0,0,0,0,0,0,0,0,0,0.026315789,0,0.013157895,0.013157895,0.052631579,0,0.184210526,0,0,0,0,0,0,0,0,0.013157895,0,0,0,0,0,0,0.013157895,0,0.013157895,0,0,0,0,0,0,0,0,0,0,0,0,0,0,0,0,0,0,0,0,0,0,0,0,0,0,0,0,0,0,0.039473684,0,0,0,0,0,0,0,0,0,0.026315789,0,0.013157895,0,0.039473684,0,0,0,0.013157895,0.013157895,0,0,0,0,0,0,0,0,0,0,0,0,0,0,0.026315789,0,0.013157895,0,0,0,0,0,0,0,0,0,0,0,0,0,0,0,0,0,0,0.026315789,0,0,0,0,0
Indiranagar,0,0,0,0,0,0,0,0,0,0,0,0,0,0,0,0,0,0,0,0,0,0,0,0,0,0,0,0,0,0,0,0,0,0,0,0,0,0,0,0,0,0,0,0,0,0,0,0,0,0,0,0,0,0,0,0,0,0,0,0,0.333333333,0,0,0,0,0,0,0,0,0,0,0,0,0,0,0,0,0,0,0,0,0,0,0,0,0,0.333333333,0,0,0,0,0,0,0,0,0,0,0,0,0,0,0,0,0,0,0,0,0,0,0,0,0,0,0,0,0,0,0,0,0,0,0,0,0,0,0,0,0,0,0,0,0,0,0,0,0,0,0,0,0,0,0,0,0,0,0,0,0,0,0,0,0,0,0,0,0,0,0,0,0,0,0,0,0,0,0,0,0,0,0,0,0,0,0,0,0,0,0,0,0,0.333333333,0,0,0,0,0,0,0,0,0,0,0,0,0,0,0,0,0,0,0,0,0,0,0,0,0,0,0,0,0,0,0,0,0,0,0,0,0,0,0,0,0,0,0,0,0,0,0,0,0,0,0,0,0,0,0
Infosys,0,0,0,0,0,0,0,0,0,0,0.01,0,0,0,0,0,0,0,0.03,0,0.02,0,0,0,0,0,0,0,0,0,0,0,0,0,0,0.02,0.02,0,0,0,0,0.02,0,0,0,0,0,0,0,0.08,0.01,0,0,0,0,0,0.02,0,0.02,0,0.03,0,0,0,0.01,0,0,0.01,0,0,0,0,0.03,0.03,0,0,0,0.01,0,0,0,0,0.01,0,0,0,0.03,0,0.01,0,0,0,0,0,0,0,0,0,0.01,0,0,0,0,0.01,0,0,0,0,0.01,0.02,0,0,0,0,0,0,0,0,0,0,0.01,0,0,0,0.03,0,0.19,0,0.01,0.01,0.03,0,0,0.02,0,0.01,0,0,0,0,0,0,0.02,0,0,0,0,0,0,0.01,0,0.02,0,0,0,0.01,0,0,0.01,0,0,0,0,0,0,0,0,0,0,0,0,0.01,0,0,0,0.04,0,0,0,0,0,0,0,0,0,0,0,0,0,0.01,0,0,0,0,0.02,0,0,0,0,0,0,0.01,0,0,0,0,0,0,0,0.01,0,0,0.01,0,0,0.01,0,0,0.01,0,0,0,0,0.01,0,0,0,0,0,0,0,0,0,0,0,0.01
J. P. Nagar,0,0,0,0,0,0.01,0,0,0,0,0.01,0,0,0,0,0,0,0,0.03,0,0.01,0,0,0,0,0,0,0,0,0.01,0,0,0,0,0,0.02,0.04,0,0,0.01,0,0.01,0,0,0.01,0,0,0,0,0.04,0,0,0,0,0,0,0.07,0,0,0,0.05,0,0,0,0,0,0,0,0,0.01,0,0,0.02,0,0,0.01,0,0.01,0,0,0.01,0,0,0,0,0,0.03,0,0,0,0,0,0.01,0,0,0,0,0,0,0,0.01,0,0,0,0.01,0,0,0,0,0.01,0.02,0,0,0,0,0,0,0,0.01,0,0,0,0,0.01,0.05,0,0.15,0,0,0,0.01,0,0.01,0,0,0,0,0,0,0,0,0,0.02,0,0,0.01,0,0,0,0.01,0,0,0,0,0,0,0,0,0.02,0,0,0,0,0,0,0.01,0,0,0,0,0,0,0,0.01,0.01,0.02,0,0,0,0,0,0,0.01,0,0,0,0.01,0,0,0,0,0,0,0,0.02,0,0,0.01,0,0.02,0,0,0.04,0,0,0.04,0,0.01,0,0,0,0,0,0,0,0.01,0,0,0,0,0,0,0,0,0,0,0,0,0,0,0,0,0,0,0.01,0
Jalahalli,0,0,0,0,0,0,0,0,0,0,0,0,0,0,0,0,0,0,0,0,0,0,0,0,0,0,0,0,0,0,0,0,0,0,0,0,0,0,0,0,0,0,0,0,0,0,0,0,0,0,0,0,0,0,0,0,0,0,0,0,0,0,0,0,0,0,0,0,0,0,0,0,0,0,0,0,0,0,0,0,0,0,0,0,0,0,0.142857143,0,0,0,0,0,0,0,0,0,0,0,0,0,0,0,0,0,0,0,0,0,0,0,0,0,0,0,0,0,0,0,0,0,0,0,0,0,0,0,0,0,0.142857143,0,0,0,0,0,0,0,0,0,0,0,0,0,0,0,0,0,0,0,0,0,0,0,0,0,0,0,0,0,0.142857143,0,0,0,0,0,0,0,0,0,0,0,0,0.142857143,0,0,0,0,0,0,0,0,0,0,0,0,0,0,0,0,0.142857143,0,0,0,0,0,0,0,0,0,0,0.142857143,0,0,0,0,0,0,0,0,0,0,0,0,0,0,0,0,0,0,0,0,0,0,0,0,0,0,0,0,0,0,0,0,0,0,0,0
Jayanagar,0,0,0,0,0,0,0,0,0,0,0.01,0,0,0,0,0,0,0,0.02,0,0,0,0,0,0,0,0,0,0.01,0,0.01,0,0.01,0,0,0.01,0,0,0,0,0,0,0,0,0,0,0,0,0,0.06,0.01,0,0,0,0,0,0.05,0,0,0,0.03,0,0,0,0,0,0,0,0,0.01,0,0,0,0,0,0,0,0.01,0,0,0,0,0,0,0,0,0.07,0,0,0,0,0,0,0,0,0,0,0,0,0,0,0,0,0,0,0,0,0,0,0.01,0.01,0,0,0,0,0,0,0,0.01,0,0,0,0,0,0.08,0.01,0.22,0,0,0,0.02,0,0.02,0.03,0,0,0,0,0,0,0,0,0.01,0,0,0,0,0,0.01,0.01,0,0,0,0,0,0,0,0,0,0,0,0,0,0,0,0,0,0,0,0,0,0.02,0,0.01,0.01,0.03,0,0,0,0,0,0,0,0,0,0,0.01,0,0,0.03,0,0,0.01,0,0.03,0,0,0.01,0.01,0,0,0,0.02,0,0,0.03,0,0.01,0,0,0,0,0,0,0,0,0,0,0,0,0,0,0,0,0,0,0,0,0,0,0,0,0,0,0.02,0
Jigani,0,0,0,0,0,0,0,0,0,0,0,0,0,0,0,0,0,0,0,0,0,0,0,0,0,0,0,0,0,0,0,0,0,0,0,0,0,0,0,0,0,0,0,0,0,0,0,0,0,0,0,0,0,0,0,0,0,0,0,0,0,0,0,0,0,0,0,0,0,0,0,0,0,0,0,0,0,0,0,0,0,0,0,0,0,0,0,0,0,0,0,0,0,0,0,0,0,0,0,0,0,0,0,0,0,0,0,0,0,0,0,0,0,0,0,0,0,0,0,0,0.25,0,0,0,0,0,0.5,0,0,0,0,0,0,0,0,0,0,0,0,0,0,0,0,0,0,0,0,0,0,0,0,0,0,0,0,0,0,0,0,0,0,0,0,0,0,0,0,0,0,0,0,0,0,0,0,0,0,0,0,0,0,0,0,0,0,0,0,0,0,0,0,0,0,0,0,0,0,0,0,0,0,0,0,0,0,0,0,0,0,0,0,0,0,0,0,0,0.25,0,0,0,0,0,0,0,0,0,0,0,0,0,0,0,0,0,0,0
K. R. Market,0,0,0,0,0,0,0,0,0,0,0,0,0,0,0,0,0,0.012658228,0.025316456,0,0,0,0.012658228,0,0,0,0.012658228,0,0,0,0,0,0,0,0,0.025316456,0,0,0,0,0,0,0,0,0,0,0,0,0,0.012658228,0,0,0,0,0,0,0,0,0,0,0.037974684,0,0,0,0,0,0,0,0,0,0,0,0.025316456,0.025316456,0,0,0,0,0,0,0,0,0,0,0,0,0.063291139,0,0,0.012658228,0,0,0.012658228,0,0,0.012658228,0,0,0,0,0,0,0,0,0.012658228,0,0,0,0,0,0,0,0,0,0,0.012658228,0,0,0,0,0.050632911,0,0,0,0.037974684,0,0.265822785,0,0,0,0,0.012658228,0,0,0,0,0,0,0,0,0,0,0,0,0,0,0,0,0,0.012658228,0.025316456,0,0,0,0,0.012658228,0,0,0.012658228,0,0,0,0,0,0,0,0,0,0,0,0,0.025316456,0,0,0,0,0,0,0,0,0.012658228,0,0,0,0,0,0,0,0,0.025316456,0,0,0,0,0.012658228,0,0,0.012658228,0,0.012658228,0,0,0.012658228,0,0,0.012658228,0,0,0,0,0.012658228,0,0,0,0,0,0,0,0,0.025316456,0,0,0,0,0.012658228,0,0,0,0,0,0.063291139,0,0,0,0,0
Kalyan Nagar,0,0,0,0,0,0.026315789,0,0,0,0,0,0,0,0,0,0,0,0,0.052631579,0,0,0,0,0,0,0,0,0,0,0,0,0,0,0,0.026315789,0.052631579,0,0,0,0,0,0,0,0,0,0,0,0,0,0.105263158,0,0,0,0,0,0,0,0,0,0,0.052631579,0,0,0,0,0.026315789,0,0,0,0,0,0,0.026315789,0,0,0,0,0,0,0,0,0,0,0,0,0,0.052631579,0,0,0,0,0,0,0,0,0.026315789,0,0.026315789,0,0,0,0,0,0,0,0,0,0,0,0.026315789,0,0,0,0,0,0,0,0,0,0,0,0,0,0,0.026315789,0,0.105263158,0,0,0,0,0,0,0.026315789,0,0,0,0,0,0,0,0,0,0,0,0,0,0,0,0,0.026315789,0,0,0,0,0,0,0,0,0,0,0,0,0,0,0,0,0,0,0,0,0.026315789,0,0,0,0.052631579,0,0.026315789,0,0,0,0,0,0,0,0,0,0,0,0.052631579,0,0,0,0,0.026315789,0,0,0.026315789,0,0,0,0,0.052631579,0,0,0.026315789,0,0,0,0,0,0,0,0,0,0,0,0,0,0,0,0,0,0,0,0,0.026315789,0,0,0,0,0,0,0,0,0
Kamakshipalya,0,0,0,0,0,0,0,0,0,0,0.043478261,0,0,0,0,0,0,0,0.043478261,0,0,0,0,0,0,0,0,0,0,0,0,0,0,0,0,0,0,0,0,0,0,0,0,0,0,0,0,0,0,0.130434783,0,0,0,0,0,0,0,0,0,0,0,0,0,0,0,0,0,0,0,0,0,0,0,0,0,0,0,0,0,0,0,0,0,0,0,0,0.130434783,0,0,0,0,0,0,0,0,0.043478261,0,0,0,0,0,0,0,0,0,0,0,0,0,0.043478261,0,0,0,0,0,0,0,0,0,0,0,0,0,0,0.130434783,0,0.173913043,0,0,0,0,0,0,0,0,0,0,0,0,0,0,0.043478261,0,0,0,0,0,0,0,0,0.043478261,0,0,0,0,0,0,0,0,0,0,0,0,0,0,0,0,0,0,0,0,0,0,0,0,0.086956522,0,0,0,0,0,0,0,0,0,0,0,0,0,0.043478261,0,0,0,0,0,0,0,0,0,0,0,0,0,0,0,0,0,0,0.043478261,0,0,0,0,0,0,0,0,0,0,0,0,0,0,0,0,0,0,0,0,0,0,0,0,0,0,0
Kammanahalli,0,0.014925373,0,0,0,0,0,0,0,0,0,0,0,0,0,0.044776119,0,0,0.059701493,0,0,0,0,0,0,0,0,0,0.029850746,0,0,0,0,0,0,0,0.014925373,0,0,0,0,0.014925373,0,0,0,0,0,0,0,0.044776119,0,0,0,0,0,0,0.029850746,0,0,0,0.029850746,0,0,0.014925373,0,0,0,0,0,0,0,0,0,0,0,0.014925373,0,0.014925373,0,0,0,0.029850746,0,0.014925373,0,0,0.059701493,0,0,0,0,0,0,0,0,0,0,0,0,0,0,0,0,0,0,0,0,0,0.014925373,0,0,0,0.014925373,0,0,0,0,0,0,0,0.014925373,0,0,0,0.029850746,0.014925373,0.149253731,0,0,0,0.014925373,0,0,0.014925373,0,0.029850746,0,0.044776119,0,0,0,0,0.044776119,0,0,0,0,0,0,0,0,0,0,0,0,0,0,0,0.014925373,0,0,0,0,0,0,0,0,0,0,0,0.014925373,0,0,0,0,0.029850746,0,0,0,0,0,0,0.014925373,0,0,0,0,0,0,0.014925373,0,0,0,0,0.014925373,0,0,0,0,0.014925373,0,0,0.014925373,0,0,0,0,0,0,0,0,0.014925373,0,0,0,0.014925373,0,0,0,0,0,0,0,0,0,0,0,0,0,0,0.014925373,0,0,0,0,0
Kempe Gowda I,0,0,0,0,0,0,0,0,0,0,0,0,0,0,0,0,0,0,0.055555556,0,0,0,0,0,0,0,0,0,0,0,0,0,0,0,0.027777778,0.027777778,0,0,0,0,0,0,0,0,0.027777778,0,0,0,0,0.111111111,0,0,0,0,0,0,0,0,0,0,0.027777778,0,0,0,0,0.027777778,0,0,0,0,0.027777778,0,0.027777778,0,0,0,0,0,0,0,0,0,0,0,0,0,0.055555556,0,0,0,0,0,0,0,0,0.027777778,0,0.027777778,0,0,0,0,0,0,0,0,0,0,0,0,0,0.027777778,0,0,0,0,0,0,0,0,0,0,0,0,0.027777778,0,0.138888889,0,0,0,0,0,0,0.027777778,0,0,0,0,0,0,0.027777778,0,0,0,0,0,0,0,0,0,0.027777778,0,0,0,0,0,0,0,0,0,0,0,0,0,0,0,0,0,0,0,0,0.027777778,0,0,0,0.055555556,0,0.027777778,0,0,0,0,0,0,0,0,0,0,0,0.027777778,0,0,0,0,0.027777778,0,0,0.027777778,0,0,0,0,0.027777778,0,0,0,0,0,0,0,0,0,0,0,0,0,0,0,0,0,0,0,0,0,0,0,0.027777778,0,0,0,0,0,0,0,0,0
Kengeri,0,0,0,0,0,0,0,0,0,0,0,0,0,0,0,0,0,0,0,0,0,0,0,0,0,0,0,0,0,0,0,0,0,0,0,0,0,0,0,0,0,0,0,0,0.333333333,0,0,0,0,0.111111111,0,0,0,0,0,0,0,0,0,0,0,0,0,0,0,0,0,0,0,0,0,0,0,0,0,0,0,0,0,0,0,0,0,0,0,0,0,0,0,0,0,0,0,0,0,0,0,0,0,0,0,0,0,0,0,0,0,0,0.111111111,0,0,0,0,0,0,0,0,0,0,0,0,0,0,0,0,0,0.333333333,0,0,0,0,0,0,0,0,0,0,0,0,0,0,0,0,0,0,0,0,0,0,0,0,0,0,0,0,0,0,0,0,0,0,0,0,0,0,0,0,0,0,0,0,0,0,0,0,0,0,0,0,0,0,0,0,0,0,0,0,0,0,0,0,0,0,0,0,0,0,0,0,0,0,0,0,0,0,0,0,0,0,0,0,0,0,0,0,0,0,0,0,0,0,0,0,0,0,0,0.111111111,0,0,0,0,0,0,0,0,0
Koramangala,0,0,0,0,0,0,0,0,0,0,0.01,0,0,0,0,0.01,0,0,0.04,0,0.03,0,0,0,0,0,0,0,0,0,0,0,0,0,0,0.02,0.01,0,0,0,0,0.03,0,0,0,0,0,0,0,0.07,0.01,0,0,0,0,0.01,0.03,0,0,0,0.04,0,0,0,0,0,0,0,0,0,0,0,0.02,0.01,0.01,0,0,0.01,0,0,0,0,0,0,0,0.01,0.05,0,0,0,0,0,0,0,0,0,0,0,0.01,0,0,0,0,0.01,0,0,0,0,0.01,0.02,0,0,0,0,0,0,0,0,0,0,0.01,0,0,0,0.08,0,0.17,0,0.01,0,0.04,0,0,0.01,0,0,0,0,0,0,0,0.01,0,0,0,0,0,0,0,0,0,0.02,0,0,0,0,0,0,0,0,0,0,0,0,0.01,0,0,0,0,0,0,0.01,0,0,0,0.03,0,0,0,0,0,0,0.01,0.01,0,0,0,0,0,0.01,0,0,0,0,0.01,0,0,0,0,0,0,0.01,0.02,0,0,0,0,0,0,0,0,0.01,0,0,0,0,0,0,0,0,0,0,0,0.01,0,0.01,0,0,0,0,0.02,0,0,0,0,0.01
Kothnur,0,0,0,0,0,0,0,0,0,0,0,0,0,0,0,0,0,0,0.181818182,0,0,0,0,0,0,0,0,0,0,0,0,0,0,0,0,0,0.090909091,0,0,0,0,0,0,0,0,0,0,0,0,0,0,0,0,0,0,0,0,0,0,0,0.090909091,0,0,0,0.090909091,0,0,0,0,0,0,0,0,0,0,0,0,0,0,0,0,0,0,0,0,0,0,0,0,0,0,0,0,0,0,0,0,0,0,0,0,0,0,0,0,0,0,0,0,0,0.090909091,0,0,0,0,0,0,0,0,0,0,0,0,0,0,0,0,0,0,0,0.090909091,0,0,0,0,0,0,0,0,0,0,0,0,0,0,0,0,0,0,0,0,0,0,0,0,0,0,0,0,0,0,0,0,0,0,0,0,0,0,0,0,0,0,0,0.090909091,0.090909091,0,0,0,0,0,0,0,0,0,0,0,0,0,0,0,0,0,0,0.090909091,0,0,0,0,0,0,0,0,0,0,0,0,0,0,0,0.090909091,0,0,0,0,0,0,0,0,0,0,0,0,0,0,0,0,0,0,0,0,0,0,0,0,0
Krishnarajapuram,0,0,0,0,0.015151515,0,0,0,0,0,0.045454545,0,0,0.015151515,0,0,0,0,0,0,0.015151515,0,0,0,0,0,0,0,0,0,0,0,0,0.03030303,0,0.03030303,0,0.015151515,0,0,0,0,0,0,0.015151515,0.015151515,0,0,0,0.045454545,0,0,0,0,0,0,0,0,0.060606061,0,0.060606061,0,0,0,0,0,0,0.015151515,0,0,0,0,0.045454545,0,0.015151515,0,0,0.03030303,0,0,0,0.015151515,0,0,0,0,0.060606061,0,0,0,0,0,0,0,0,0,0.03030303,0,0,0,0,0,0,0.015151515,0,0,0,0,0.015151515,0.03030303,0,0,0,0,0,0,0,0,0,0,0,0,0,0,0.015151515,0,0.015151515,0,0,0,0.03030303,0,0,0,0,0,0,0,0,0,0,0,0.03030303,0,0,0,0.015151515,0,0,0,0,0,0,0,0,0.015151515,0,0,0.03030303,0,0,0,0,0.015151515,0,0.015151515,0,0,0,0,0,0,0,0.015151515,0,0.015151515,0,0,0,0,0,0,0,0,0,0,0.015151515,0,0,0.015151515,0,0,0,0,0,0,0,0,0,0.03030303,0,0,0.03030303,0,0,0,0,0,0.03030303,0,0,0,0,0,0,0,0,0,0,0,0,0,0,0.015151515,0,0,0,0,0,0,0,0.015151515,0,0,0,0
Kumaraswamy Layout,0,0,0,0,0,0,0,0,0,0,0,0,0,0,0,0,0,0,0.096774194,0,0,0,0,0,0,0,0,0,0,0,0,0,0,0,0,0.064516129,0,0,0,0,0,0.032258065,0,0,0,0.032258065,0,0,0,0.096774194,0,0,0,0,0,0,0,0,0,0,0,0,0,0,0,0,0,0,0,0,0,0,0.096774194,0,0,0,0,0,0,0,0,0,0,0,0,0,0.032258065,0,0,0,0,0,0,0,0,0.032258065,0,0,0,0,0,0,0,0,0,0,0,0,0,0,0,0,0,0,0,0,0,0,0,0,0,0,0,0,0.032258065,0,0.161290323,0,0,0,0,0,0,0,0,0,0,0,0,0,0,0,0,0,0.032258065,0,0,0,0,0,0,0,0,0,0,0,0,0,0,0,0,0.032258065,0,0,0,0,0,0,0.032258065,0,0,0.032258065,0,0,0,0.096774194,0,0,0,0,0,0,0,0,0,0,0,0,0,0,0,0,0,0,0.032258065,0,0,0,0,0,0,0,0,0,0,0.032258065,0,0,0,0.032258065,0,0,0,0,0,0,0,0,0,0,0,0,0,0,0,0,0,0,0,0,0,0,0,0,0,0
Lingarajapuram,0,0,0,0,0,0,0,0,0,0,0,0,0,0,0,0.027777778,0,0,0.069444444,0,0.013888889,0,0,0,0,0,0,0,0,0,0,0,0,0,0,0,0,0,0,0,0,0.027777778,0,0,0,0,0,0,0,0.069444444,0,0,0,0,0,0,0.055555556,0,0,0,0.013888889,0,0,0.013888889,0,0,0,0,0,0,0,0,0,0,0,0.013888889,0,0,0,0,0,0,0,0.013888889,0,0,0.069444444,0,0,0,0,0,0,0,0,0,0,0,0,0,0,0,0,0,0,0,0,0,0,0,0,0,0,0,0,0,0,0,0,0,0,0,0,0.013888889,0.041666667,0,0.166666667,0,0,0,0,0,0,0.013888889,0,0.027777778,0,0.013888889,0,0,0,0,0.013888889,0,0,0.013888889,0,0,0,0.041666667,0,0,0,0,0,0,0,0,0.013888889,0,0,0,0,0,0,0,0,0,0,0.013888889,0.013888889,0.013888889,0,0,0,0.013888889,0,0,0,0,0,0,0.027777778,0,0,0,0,0,0,0,0,0,0,0,0.013888889,0,0,0.013888889,0,0.027777778,0,0,0.041666667,0,0,0,0,0.013888889,0,0,0,0.013888889,0,0,0,0.041666667,0,0,0,0,0,0,0,0,0,0,0,0,0,0,0,0,0,0,0,0
M G Road,0.25,0,0,0,0,0,0,0,0,0,0,0,0,0,0,0,0,0,0,0,0,0,0,0,0,0,0,0,0,0,0,0,0,0,0,0,0,0,0,0,0,0,0,0,0,0,0,0,0,0.25,0,0,0,0,0,0,0,0,0,0,0,0,0,0,0,0,0,0,0,0,0,0,0,0,0,0,0,0,0,0,0,0,0,0,0,0,0,0,0,0,0,0,0,0,0,0,0,0,0,0,0,0,0,0,0,0,0,0,0,0,0,0,0,0,0.25,0,0,0,0,0,0,0,0,0,0,0,0,0,0,0,0,0,0,0,0,0,0,0,0,0,0,0,0,0,0,0,0,0,0,0,0,0,0,0,0,0,0,0,0,0,0,0,0,0,0,0,0,0,0,0,0,0,0,0,0,0,0,0,0,0,0,0,0,0,0,0,0,0.25,0,0,0,0,0,0,0,0,0,0,0,0,0,0,0,0,0,0,0,0,0,0,0,0,0,0,0,0,0,0,0,0,0,0,0,0,0,0,0,0,0,0,0,0,0,0,0,0
Madiwala,0,0,0,0,0,0,0,0,0,0,0.02,0,0,0,0,0.02,0,0,0.05,0,0.02,0,0,0,0,0,0,0,0,0,0,0,0,0,0,0.02,0.02,0,0,0,0,0.02,0,0,0,0,0,0,0,0.08,0.01,0,0,0,0,0.01,0.04,0,0.01,0,0.03,0,0,0,0,0,0,0.01,0,0,0,0,0.01,0.02,0.01,0,0,0.01,0,0,0,0,0,0,0,0,0.04,0,0.01,0,0,0,0,0,0,0,0,0,0.01,0,0,0,0,0.01,0,0,0,0,0.01,0.02,0,0,0,0,0,0,0,0,0,0,0.01,0,0,0,0.06,0,0.16,0,0.01,0,0.04,0,0,0.01,0,0,0,0,0,0,0,0,0.02,0,0,0,0,0,0,0,0,0.02,0,0,0,0.01,0,0,0.01,0,0,0,0,0,0,0,0,0,0,0,0,0.01,0,0,0,0.03,0,0,0,0,0,0,0,0,0,0,0,0,0,0.01,0,0,0,0,0.01,0,0,0,0,0,0,0.01,0.02,0,0,0,0,0,0,0,0,0,0,0,0,0.01,0,0,0,0,0,0,0,0.01,0,0,0,0,0,0,0.02,0,0,0,0,0.01
Madiwala Lake,0,0,0,0,0,0.01,0,0,0,0,0.02,0,0,0,0,0.01,0,0,0.02,0,0.01,0,0,0,0,0,0,0,0,0,0.01,0,0,0.01,0,0,0.01,0,0,0,0,0,0,0,0,0,0,0,0,0.06,0,0,0,0,0,0,0.04,0,0.02,0,0.05,0,0,0,0,0,0,0,0,0,0,0,0.02,0.01,0.01,0.01,0,0,0,0.01,0,0,0,0,0,0,0.08,0,0,0,0,0,0,0,0,0,0,0,0.01,0,0.01,0,0,0,0,0,0,0,0,0.01,0,0,0.01,0,0,0,0,0,0,0,0,0,0,0,0.04,0,0.24,0,0.01,0,0.02,0,0,0,0,0.01,0,0,0,0,0,0,0,0,0,0,0,0,0,0.01,0,0,0,0,0,0,0,0,0.03,0,0,0,0,0,0,0,0,0,0,0,0,0.01,0,0,0,0.03,0,0,0,0,0,0,0,0,0,0,0,0,0,0.01,0,0,0,0,0.02,0,0,0,0,0.02,0,0,0.03,0,0,0,0,0,0,0,0,0,0,0,0,0.02,0,0,0,0,0,0,0,0,0,0,0,0,0,0,0.05,0,0,0,0,0
Mahadevapura,0,0,0,0,0,0,0,0,0,0,0.022222222,0,0,0,0,0,0,0,0,0,0,0,0,0,0,0,0,0,0,0,0,0,0,0,0,0.022222222,0,0.022222222,0,0,0,0,0,0,0.022222222,0,0,0,0,0.111111111,0,0,0,0,0,0,0,0,0.022222222,0,0.066666667,0,0,0,0.022222222,0,0,0,0,0,0,0,0.044444444,0,0,0,0,0.022222222,0,0,0,0,0,0,0,0,0.066666667,0,0,0,0,0,0,0,0,0,0,0,0,0,0,0,0,0,0,0,0,0,0.022222222,0.044444444,0.022222222,0,0,0,0,0,0,0,0,0,0,0,0,0,0.044444444,0,0.133333333,0,0,0.022222222,0.022222222,0,0,0,0,0,0,0,0,0.022222222,0,0,0,0,0,0,0,0,0.022222222,0,0,0,0,0,0,0,0,0,0,0,0,0,0,0,0,0,0,0,0,0,0,0,0,0,0,0.066666667,0,0.022222222,0,0,0,0,0,0,0,0,0,0,0,0,0,0,0,0,0.044444444,0,0,0,0,0.022222222,0,0,0,0,0,0,0,0,0,0,0,0.022222222,0,0,0,0,0,0,0,0,0,0,0,0,0,0.022222222,0,0,0,0,0,0,0,0,0,0
Mahalakshmi Layout,0,0,0,0,0,0,0,0,0,0,0,0,0,0,0,0,0,0,0,0,0.030769231,0,0,0,0,0,0,0,0,0,0.015384615,0,0,0.046153846,0,0,0.015384615,0,0,0,0,0,0,0,0,0,0,0,0,0.015384615,0,0,0,0,0,0,0.015384615,0,0.030769231,0,0.046153846,0,0,0,0,0,0,0,0,0,0,0,0.015384615,0,0,0,0,0.030769231,0,0,0,0.030769231,0,0,0,0,0.046153846,0,0,0,0,0,0.015384615,0,0,0,0.015384615,0,0,0,0,0,0.015384615,0,0,0,0,0,0,0.015384615,0.015384615,0,0,0,0,0,0,0,0,0,0.030769231,0,0,0,0.015384615,0,0.030769231,0,0.015384615,0,0.076923077,0,0,0.015384615,0,0,0,0,0,0,0,0,0.076923077,0,0,0.015384615,0,0,0.015384615,0,0,0,0,0,0.015384615,0.030769231,0,0,0.046153846,0,0,0,0,0,0,0,0,0,0,0,0,0.015384615,0,0,0,0.030769231,0,0,0,0,0,0,0.015384615,0,0,0,0,0,0,0.030769231,0,0,0,0,0,0,0,0.015384615,0,0.015384615,0,0,0.030769231,0,0,0,0,0,0,0,0,0,0,0,0,0,0,0,0.015384615,0,0,0,0,0,0,0,0,0,0,0,0.030769231,0,0,0,0,0
Malleswaram,0,0,0,0,0,0,0.01,0,0,0,0.01,0,0,0,0,0,0,0,0.01,0,0.01,0,0,0,0,0,0,0,0,0,0.01,0,0,0.03,0,0.02,0.01,0,0,0,0,0,0,0,0,0,0,0,0,0.03,0,0,0,0,0,0,0.03,0,0.03,0,0.06,0,0,0,0,0,0,0,0,0,0,0,0.03,0.01,0,0,0,0.04,0,0,0,0.01,0,0,0,0,0.03,0,0,0,0,0.01,0.01,0,0,0,0.01,0,0,0,0,0,0.01,0,0,0,0,0,0,0.02,0.01,0,0,0,0,0,0,0,0,0,0.01,0,0,0,0.04,0,0.09,0,0,0,0.05,0,0,0.02,0,0,0,0,0,0,0,0.01,0.04,0,0,0,0,0,0.01,0,0,0,0,0,0.01,0.02,0,0,0.03,0,0,0,0.01,0,0,0,0,0,0,0,0,0,0,0,0,0.01,0,0,0.01,0.01,0,0,0.01,0,0,0,0.02,0,0,0.01,0,0,0,0,0.01,0,0,0.01,0,0.02,0,0,0.01,0,0,0.01,0,0,0,0,0,0.01,0,0,0,0,0,0,0.01,0,0,0,0,0,0,0,0,0,0,0,0.04,0,0,0,0.01,0
Marathahalli,0,0,0,0,0,0.027777778,0,0,0,0,0.027777778,0,0,0,0,0.027777778,0,0,0.027777778,0,0,0,0,0,0,0,0,0,0,0,0.013888889,0,0,0,0,0.013888889,0.013888889,0,0,0,0,0,0,0,0,0,0,0,0,0.055555556,0,0,0,0,0,0,0.055555556,0,0,0,0.027777778,0,0,0,0,0,0,0,0,0,0,0,0.013888889,0,0,0,0,0,0,0,0,0.013888889,0,0,0,0,0.055555556,0,0,0,0,0,0,0,0,0,0,0,0.013888889,0,0,0,0,0.027777778,0,0,0,0,0,0.013888889,0,0,0,0,0,0,0,0,0,0,0.013888889,0,0,0.013888889,0.041666667,0,0.222222222,0,0,0,0,0,0,0,0,0.013888889,0,0,0,0,0,0,0.013888889,0,0,0,0,0,0,0,0,0,0,0,0.013888889,0,0,0,0,0,0,0,0,0,0,0,0,0,0,0,0,0,0,0,0,0.055555556,0,0,0,0,0,0,0,0,0,0.027777778,0,0.013888889,0,0.027777778,0,0,0,0.013888889,0.013888889,0,0,0,0,0,0,0,0,0,0,0,0,0,0,0.027777778,0,0.013888889,0,0,0,0.013888889,0,0,0,0,0,0,0,0,0,0,0,0,0,0,0.027777778,0,0,0,0,0
Mathikere,0,0,0,0,0,0,0,0,0,0,0.015151515,0,0,0,0,0,0,0,0.015151515,0,0.03030303,0,0,0,0,0,0,0,0.015151515,0,0,0,0,0,0,0,0,0,0,0,0,0.015151515,0,0,0,0,0,0,0,0.015151515,0,0,0,0,0,0,0.075757576,0,0,0,0.015151515,0,0,0,0,0.015151515,0,0,0,0,0,0,0.045454545,0,0,0.015151515,0,0,0,0,0,0,0,0,0,0,0.075757576,0,0,0,0,0,0,0,0,0,0,0,0,0,0,0,0,0,0,0.015151515,0,0,0,0.015151515,0,0,0,0,0,0,0,0,0,0,0.03030303,0,0,0,0.121212121,0,0.196969697,0,0,0,0.03030303,0,0,0.015151515,0,0.015151515,0,0,0,0,0,0,0,0,0,0.015151515,0,0,0,0,0,0,0,0,0,0,0,0,0.015151515,0,0,0,0,0,0,0,0,0,0,0,0.015151515,0.03030303,0,0,0,0.045454545,0,0,0,0,0,0,0,0,0,0,0,0,0,0.015151515,0,0,0,0,0.015151515,0,0,0.015151515,0,0,0,0,0.03030303,0,0,0,0,0,0,0,0,0,0,0,0,0,0,0,0,0,0,0,0,0,0,0.015151515,0,0,0,0,0,0,0,0,0,0
Murphy Town,0,0,0,0,0,0.021978022,0,0,0,0,0.021978022,0.010989011,0,0,0,0.010989011,0,0,0.010989011,0,0.021978022,0,0,0,0,0,0,0,0,0,0,0,0.021978022,0,0,0.010989011,0.021978022,0,0,0,0,0,0.010989011,0,0,0,0,0.010989011,0,0.065934066,0.010989011,0,0,0,0,0,0.010989011,0.010989011,0.032967033,0.010989011,0.010989011,0,0,0,0,0,0,0,0,0.021978022,0,0,0.021978022,0.021978022,0,0.021978022,0,0.010989011,0,0,0.010989011,0,0,0,0,0,0.010989011,0,0,0,0,0.010989011,0,0,0,0,0.010989011,0,0,0.010989011,0,0,0,0,0,0.010989011,0,0,0,0,0.010989011,0,0,0,0,0,0,0,0,0,0.043956044,0.010989011,0,0,0.032967033,0,0.065934066,0,0,0,0.021978022,0.010989011,0,0,0,0,0,0,0,0,0,0,0.021978022,0,0,0.010989011,0,0,0.021978022,0,0,0,0.010989011,0,0,0,0,0,0,0,0.010989011,0,0.010989011,0,0,0,0,0.010989011,0,0,0,0,0,0,0,0.010989011,0,0,0,0,0,0,0.043956044,0,0,0,0,0,0,0.021978022,0,0,0,0,0,0,0,0.010989011,0,0.010989011,0,0,0,0,0,0,0,0.010989011,0,0,0,0.010989011,0,0,0,0.021978022,0,0.010989011,0.010989011,0,0,0,0,0,0,0,0,0,0,0,0,0.021978022,0,0,0.010989011,0
Mysore Road Satellite Bus Station,0,0,0.025,0,0,0,0,0,0,0,0,0,0,0,0,0,0,0,0.025,0,0,0,0,0,0,0,0,0,0,0,0,0,0,0,0.025,0,0,0,0,0,0,0,0,0,0.025,0,0,0,0,0.075,0,0,0,0,0,0,0,0,0,0,0.05,0,0,0,0,0.025,0,0,0,0,0,0,0.025,0,0,0,0,0,0,0,0,0,0,0,0,0.025,0.075,0,0,0,0,0,0,0,0,0,0,0.025,0,0,0,0,0,0,0,0,0,0,0,0,0,0.025,0,0,0,0,0,0,0,0,0,0,0,0,0.025,0,0.05,0,0,0,0,0,0,0.025,0,0,0,0,0,0,0,0,0,0,0,0,0,0.05,0,0,0,0,0,0,0,0,0,0,0,0,0,0,0,0,0,0,0,0,0,0,0,0.05,0,0,0,0.075,0,0,0,0,0,0,0,0,0,0,0,0,0,0.05,0,0,0,0,0.025,0,0,0.05,0,0,0,0,0.025,0.025,0,0,0,0,0,0,0,0,0,0,0,0.025,0,0,0,0,0,0,0,0,0,0,0.025,0.025,0,0,0.025,0,0,0,0,0
Mysore Road metro station,0,0,0,0,0,0,0,0,0,0,0.038461538,0,0.038461538,0,0,0,0,0,0,0,0,0,0,0,0,0,0,0,0,0,0,0,0,0,0,0.038461538,0,0,0,0,0,0,0,0,0,0,0,0,0,0.038461538,0,0,0,0,0,0,0,0,0.038461538,0,0.038461538,0,0,0,0,0,0,0,0,0,0,0,0.038461538,0,0,0,0,0,0,0,0,0,0,0,0,0,0.076923077,0,0,0,0,0,0.038461538,0,0,0,0,0.076923077,0,0,0,0,0,0,0,0,0,0,0,0,0,0,0,0,0,0,0,0,0,0,0,0,0,0,0.038461538,0,0.076923077,0,0,0,0,0,0,0.038461538,0,0,0,0,0,0,0,0,0,0,0,0,0,0,0,0,0,0,0,0,0,0,0,0,0,0,0,0,0,0,0,0,0,0,0,0,0,0.076923077,0,0,0,0.038461538,0,0,0,0,0,0,0,0,0,0,0,0,0,0.038461538,0.038461538,0,0,0,0.038461538,0,0,0.038461538,0,0,0,0.038461538,0,0.038461538,0,0,0,0,0,0,0,0,0,0,0,0,0,0,0,0,0,0.038461538,0,0,0,0,0,0,0,0,0,0,0,0,0,0
NH44,0,0.01,0,0,0.01,0.01,0,0,0,0.01,0.02,0,0,0,0,0.01,0,0,0.01,0,0.03,0,0.01,0,0,0,0,0,0,0,0.02,0,0,0,0,0.01,0.03,0,0,0,0,0.02,0,0,0,0,0,0,0,0.02,0,0,0,0,0,0,0.03,0,0.04,0.01,0.02,0,0,0,0,0,0,0,0.01,0.01,0,0.01,0.01,0.01,0,0,0,0.02,0,0,0,0,0,0,0,0,0,0,0,0,0,0,0,0,0,0,0.02,0,0.01,0,0,0,0,0,0,0,0,0,0,0.01,0.01,0,0,0,0,0,0,0.01,0,0,0.1,0.01,0,0,0.04,0,0.05,0,0,0,0.02,0.02,0,0,0,0,0,0.01,0,0,0,0,0.05,0,0,0.01,0,0,0,0.01,0,0,0.01,0,0,0,0,0,0,0,0,0,0,0,0,0,0,0,0,0,0,0,0,0,0,0,0,0,0,0.01,0,0,0.05,0,0,0,0,0,0,0,0,0,0,0,0.01,0,0,0,0,0.03,0,0,0,0,0.01,0,0,0,0,0,0,0.02,0,0.02,0,0.03,0,0,0.01,0,0,0,0,0.02,0,0,0,0,0,0,0,0,0,0,0.01,0
NH48,0,0,0,0,0,0,0,0,0,0,0,0,0,0,0,0,0,0,0.016129032,0,0,0,0,0,0,0,0,0,0.016129032,0,0,0,0,0,0,0.016129032,0,0,0,0,0,0.032258065,0,0,0,0,0,0,0,0.080645161,0,0,0,0,0,0,0,0,0,0,0.016129032,0,0,0,0,0,0,0,0,0,0,0,0.016129032,0,0,0,0,0,0,0,0,0,0,0,0,0.016129032,0.096774194,0,0,0,0,0,0,0,0,0,0,0,0,0,0,0,0,0,0,0,0,0,0,0,0,0,0,0,0,0,0,0,0,0,0,0,0,0,0.096774194,0,0.274193548,0,0,0,0.016129032,0,0,0.016129032,0,0,0,0,0.016129032,0,0,0.016129032,0.016129032,0,0,0,0,0,0,0,0,0,0,0,0.016129032,0,0,0,0,0,0,0,0,0,0,0,0,0,0,0,0,0,0,0,0,0.064516129,0,0,0,0,0,0,0,0,0,0,0,0,0.016129032,0.016129032,0,0,0,0,0,0,0,0,0,0,0,0,0.048387097,0,0,0.032258065,0,0,0,0,0,0,0,0,0,0,0,0,0,0,0,0,0,0,0,0.016129032,0,0,0,0,0.032258065,0,0,0,0,0
NH648,0,0,0,0,0,0,0,0,0,0,0,0,0,0,0,0,0,0,0,0,0,0,0,0,0,0,0,0,0,0,0,0,0,0,0,0,0,0,0,0,0,0,0,0,0,0.5,0,0,0,0,0,0,0,0,0,0,0,0,0,0,0,0,0,0,0,0,0,0,0,0,0,0,0,0,0,0,0,0,0,0,0,0,0,0,0,0,0,0,0,0,0,0,0,0,0,0,0,0,0,0,0,0,0,0,0,0,0,0,0,0,0,0,0,0,0,0,0,0,0,0,0,0,0,0,0,0,0,0,0,0,0,0,0,0,0,0,0,0,0,0,0,0,0,0,0,0,0,0,0,0,0,0,0,0,0,0.5,0,0,0,0,0,0,0,0,0,0,0,0,0,0,0,0,0,0,0,0,0,0,0,0,0,0,0,0,0,0,0,0,0,0,0,0,0,0,0,0,0,0,0,0,0,0,0,0,0,0,0,0,0,0,0,0,0,0,0,0,0,0,0,0,0,0,0,0,0,0,0,0,0,0,0,0,0,0,0,0
NH75,0,0,0,0,0,0,0,0,0,0,0.01,0,0,0,0,0,0,0,0.01,0,0.02,0,0,0,0,0,0,0,0.01,0,0.01,0,0,0.03,0,0.03,0.01,0,0,0,0,0.01,0,0,0,0,0,0,0,0.03,0,0,0,0,0,0,0.05,0,0.02,0,0.06,0,0,0,0,0,0,0,0,0,0,0,0.02,0,0,0,0,0.02,0,0,0,0.01,0,0,0,0,0.03,0.01,0,0,0,0,0.01,0,0,0,0.01,0,0,0,0,0,0.01,0,0,0,0,0,0,0.03,0.01,0,0,0,0,0,0,0,0,0,0.01,0,0,0,0.1,0,0.1,0,0,0,0.06,0,0,0,0,0.01,0,0,0,0,0,0,0.05,0,0,0,0,0,0.01,0,0,0,0,0,0.01,0.01,0,0,0.02,0,0,0,0.01,0,0,0,0,0,0,0,0,0,0,0,0,0.02,0,0,0,0.01,0,0,0.01,0,0,0,0,0,0,0,0,0,0,0,0.01,0,0,0.01,0,0.01,0,0,0.01,0,0,0.01,0,0,0,0,0,0,0,0,0,0,0,0,0.01,0,0,0,0,0,0,0.01,0,0,0,0,0.03,0,0,0,0.01,0
NICE Road,0,0,0,0,0,0,0,0,0,0,0,0,0,0,0,0,0,0,0,0,0,0,0,0,0,0,0,0,0,0,0,0,0,0,0,0,0,0,0,0,0,0,0,0,0.2,0,0,0,0,0,0,0,0,0.2,0,0,0,0,0,0,0,0,0,0,0,0,0,0,0,0,0,0,0,0,0,0,0,0,0,0,0,0,0,0,0,0,0.2,0,0,0,0,0,0,0,0,0,0,0,0,0,0,0,0,0,0,0,0,0,0,0,0,0,0,0,0,0,0,0,0,0,0,0,0,0,0,0,0,0,0,0,0,0,0,0,0,0,0,0,0,0,0,0,0,0,0,0,0,0,0,0,0,0,0,0,0,0,0,0,0,0,0,0,0,0,0,0,0,0,0,0,0,0,0,0,0,0,0,0,0,0,0,0,0,0,0,0,0,0,0,0.2,0,0,0,0,0,0,0,0,0,0,0,0,0,0,0,0,0,0,0,0,0,0,0,0,0,0,0,0,0,0,0,0,0,0,0,0,0,0,0,0,0,0,0,0,0,0
Nagarbhavi,0,0,0,0,0,0.052631579,0,0,0,0,0,0,0,0,0,0,0,0,0,0,0,0,0,0,0,0,0,0,0,0,0,0,0,0,0,0.105263158,0,0,0,0,0,0,0,0,0.052631579,0,0,0,0,0.105263158,0,0,0,0,0,0,0,0,0,0,0,0,0,0.052631579,0,0.052631579,0,0,0,0,0,0,0,0,0,0,0,0,0,0,0,0,0,0,0,0,0,0,0,0,0,0,0,0,0,0,0,0,0,0,0,0,0,0,0,0,0,0,0,0,0,0,0,0,0,0,0,0,0,0,0,0,0,0,0,0,0.157894737,0,0,0,0,0,0,0,0,0,0,0,0,0,0.052631579,0,0,0,0,0,0,0,0,0,0.052631579,0,0,0,0,0,0,0,0,0,0,0,0,0,0,0,0,0,0,0,0,0,0,0,0,0.052631579,0,0,0,0,0,0,0,0,0,0,0,0,0,0.052631579,0,0,0,0,0,0,0,0.052631579,0,0,0,0,0.052631579,0,0,0.052631579,0,0,0,0,0,0,0.052631579,0,0,0,0,0,0,0,0,0,0,0,0,0,0,0,0,0,0,0,0,0,0,0
Namma Metro,0,0,0,0,0,0,0,0,0,0,0,0,0,0,0,0,0,0,0,0,0,0,0,0,0,0,0,0,0,0,0,0,0,0,0,0,0,0,0,0,0,0,0,0,0,0,0,0,0,0,0,0,0,0,0,0,0,0,0,0,0.111111111,0,0,0,0,0,0,0,0,0,0,0,0,0,0,0,0,0,0,0,0,0,0,0,0,0,0.222222222,0,0,0,0,0,0,0,0,0,0,0,0,0,0,0,0,0,0,0,0,0,0,0,0,0,0,0,0,0,0,0,0,0,0,0,0,0,0,0,0.111111111,0,0,0,0,0,0,0,0,0,0,0,0,0.111111111,0,0,0,0,0,0,0,0,0,0,0,0,0,0,0,0,0,0,0.111111111,0,0,0,0,0,0,0,0,0,0,0,0,0,0,0,0,0,0,0,0,0,0,0,0,0,0,0,0,0,0.111111111,0,0,0,0,0,0,0,0,0,0,0.111111111,0,0,0,0,0,0,0,0,0,0,0,0,0,0,0,0,0,0,0,0,0,0,0,0,0,0,0,0,0,0,0,0,0,0,0,0
Nandini Layout,0,0,0,0,0,0,0,0,0,0,0.024691358,0,0,0,0,0,0,0,0.012345679,0,0.024691358,0,0,0,0,0,0,0,0,0,0.012345679,0,0,0.037037037,0,0,0.012345679,0,0,0,0,0,0,0,0,0,0,0,0,0.049382716,0,0,0,0,0,0,0.024691358,0,0.024691358,0,0.037037037,0,0,0,0.012345679,0,0,0,0,0,0,0,0.024691358,0,0,0,0,0.024691358,0,0,0,0.024691358,0,0,0,0,0.061728395,0,0,0,0,0,0.012345679,0,0,0,0.012345679,0,0,0,0,0,0.012345679,0,0,0,0,0,0,0,0.012345679,0,0,0,0,0,0,0,0,0,0.049382716,0,0,0,0.012345679,0,0.024691358,0,0.012345679,0,0.049382716,0,0,0,0,0,0,0,0,0.024691358,0,0,0.049382716,0,0,0.012345679,0,0,0.012345679,0,0.012345679,0,0,0,0.012345679,0.024691358,0,0,0.037037037,0,0,0,0,0,0,0,0,0,0,0,0,0,0,0,0,0.024691358,0,0.012345679,0,0,0,0,0,0,0,0,0.012345679,0,0,0.012345679,0,0,0,0,0,0,0,0.012345679,0,0.012345679,0,0,0.024691358,0,0,0,0,0,0,0,0,0.012345679,0,0,0,0,0,0,0.012345679,0,0,0,0,0,0,0,0.037037037,0,0,0,0.037037037,0,0,0,0,0
National Law School of India University,0,0,0,0,0,0.028571429,0,0,0,0,0,0,0.028571429,0,0,0,0,0,0,0,0,0,0,0,0,0,0,0,0,0,0,0,0,0,0.028571429,0.057142857,0,0,0,0,0,0,0,0,0.028571429,0,0,0,0,0.057142857,0,0,0,0,0,0,0,0,0.028571429,0,0.057142857,0,0,0,0,0.028571429,0,0,0,0,0,0,0.028571429,0,0,0,0,0,0,0,0,0,0,0,0,0,0.028571429,0,0,0,0,0,0,0,0,0,0,0.057142857,0,0,0,0,0,0,0,0,0.028571429,0,0,0,0,0,0,0,0,0,0,0,0,0,0,0,0,0,0.085714286,0,0.085714286,0,0,0,0,0,0,0.028571429,0,0,0,0,0,0,0,0,0,0,0,0,0,0.028571429,0,0,0,0,0,0,0,0.028571429,0,0,0,0,0,0,0,0,0,0,0,0,0,0,0,0,0,0,0,0.028571429,0,0,0,0,0,0,0,0,0,0,0,0,0,0.057142857,0.028571429,0,0,0,0.028571429,0,0,0.028571429,0,0,0,0,0.028571429,0,0,0.028571429,0,0,0,0,0,0,0.028571429,0,0,0,0,0,0,0,0,0,0,0,0,0,0,0,0,0,0,0,0,0,0,0
Nayandahalli,0,0,0,0,0,0,0.052631579,0,0,0,0,0,0,0,0,0,0,0,0,0,0,0,0,0,0,0,0,0,0,0,0,0,0,0,0,0,0,0,0,0,0,0,0,0,0,0,0,0,0,0,0,0,0,0,0,0,0,0,0,0,0.105263158,0,0,0,0,0,0,0,0,0,0,0,0,0,0,0.052631579,0,0,0,0,0,0,0,0,0,0,0.105263158,0,0,0,0,0,0.052631579,0,0,0,0,0.052631579,0,0,0,0,0,0,0,0,0,0,0,0,0,0,0,0,0,0,0,0,0,0,0,0,0,0,0.052631579,0.052631579,0,0,0,0,0,0,0,0,0,0,0,0,0,0,0,0,0,0,0,0,0,0,0,0,0,0,0,0,0,0,0,0,0.052631579,0,0,0,0.052631579,0,0,0,0,0,0,0,0,0,0,0,0,0.157894737,0,0,0,0,0,0,0,0,0,0,0,0,0,0,0,0,0,0,0.052631579,0,0,0.052631579,0,0,0,0,0,0.052631579,0,0,0,0,0,0,0,0,0,0,0,0,0,0,0,0,0,0,0,0,0,0,0,0,0,0,0.052631579,0,0,0,0,0
Nelamangala,0,0,0,0,0,0,0,0,0,0,0,0,0,0,0,0,0,0,0,0,0,0,0,0,0,0,0,0,0,0,0,0,0,0,0,0,0,0,0,0,0,0,0,0,0,0,0,0,0,0,0,0,0,0,0,0,0,0,0.25,0,0,0,0,0,0,0,0,0,0,0,0,0,0,0,0,0,0,0,0,0,0,0,0,0,0,0,0,0,0,0,0,0,0,0,0,0,0,0,0,0,0,0,0,0,0,0,0,0,0,0,0,0,0,0,0,0,0,0,0,0,0,0,0,0,0,0,0.25,0,0,0,0,0,0,0,0,0,0,0,0,0,0,0,0,0,0,0,0,0,0,0,0,0,0,0,0,0,0,0,0,0,0,0,0,0,0,0,0,0,0,0,0,0,0,0,0,0,0,0,0,0,0,0,0,0,0,0,0,0,0,0,0,0,0,0,0,0.25,0,0,0,0,0,0,0,0,0,0,0,0,0,0,0,0,0,0,0,0,0,0,0,0,0,0.25,0,0,0,0,0,0,0,0,0,0,0,0,0,0
Old Airport Road,0,0,0,0.034482759,0,0,0,0,0,0,0,0,0,0,0,0,0,0,0.034482759,0,0,0,0,0,0,0,0,0,0,0,0,0,0,0,0,0,0,0,0,0,0,0,0,0,0.034482759,0,0,0,0,0.034482759,0,0,0,0,0,0,0.034482759,0,0.034482759,0,0.034482759,0,0,0,0,0,0,0,0,0,0,0,0.068965517,0,0,0,0,0,0,0,0,0,0,0,0,0.034482759,0.103448276,0,0,0,0,0,0,0,0,0.034482759,0,0,0,0,0,0,0,0,0,0,0,0,0,0.034482759,0,0,0,0,0,0,0.034482759,0,0,0,0,0,0,0,0,0,0.275862069,0,0,0,0,0,0,0,0,0,0,0.034482759,0,0,0,0,0,0,0,0,0,0,0,0,0,0,0,0,0,0,0,0,0,0,0,0,0,0,0,0,0,0,0,0,0,0,0,0,0,0.034482759,0,0,0,0,0,0,0,0,0,0,0,0,0,0.034482759,0,0,0,0,0,0,0,0,0,0,0,0,0,0,0,0,0,0,0,0,0,0,0.034482759,0,0,0,0,0,0,0,0,0,0,0,0,0,0,0,0,0,0,0,0,0.034482759,0,0
Outer Ring Road,0,0,0,0.0125,0,0.025,0,0,0,0,0.025,0.0125,0,0,0,0.0375,0,0,0.0125,0,0,0,0,0.0125,0,0,0,0,0,0,0,0,0,0,0,0,0.0125,0,0,0,0,0,0,0,0.025,0,0,0,0,0.05,0,0,0,0,0,0,0.0375,0,0,0,0.0125,0,0,0,0,0,0,0,0,0,0,0,0.0375,0,0,0,0,0,0,0,0,0.0125,0,0,0,0,0.025,0,0,0,0,0,0.0125,0,0,0,0,0,0.0125,0,0,0,0,0.025,0,0,0,0,0,0.025,0,0,0,0,0,0,0,0,0,0,0.0375,0,0,0,0.05,0,0.1875,0,0,0.0125,0,0,0,0,0,0.0125,0,0,0,0,0,0,0.0125,0,0,0,0,0,0,0,0,0,0,0,0.0125,0,0,0,0,0,0,0,0,0,0,0,0,0,0,0,0.0125,0,0,0,0,0.0625,0,0,0,0,0,0,0,0,0,0.025,0,0.0125,0,0.0125,0,0,0,0,0.0125,0,0,0,0,0,0,0,0,0,0,0,0,0,0,0.025,0,0.0125,0,0,0,0.0125,0,0,0,0,0,0,0,0,0,0,0.0125,0,0,0.0125,0.0375,0,0,0,0,0
Padmanabhanagar,0,0,0,0,0,0,0.013333333,0,0,0.013333333,0.013333333,0,0,0,0,0,0,0,0.026666667,0,0,0,0,0,0,0,0,0,0,0,0,0,0,0,0,0.053333333,0,0,0,0,0,0.026666667,0,0,0,0,0,0,0,0.093333333,0,0,0,0,0,0,0,0,0.026666667,0,0.013333333,0,0,0,0.013333333,0,0,0,0,0,0,0,0.026666667,0.013333333,0,0.013333333,0,0,0,0,0,0,0,0,0,0,0.08,0,0,0,0,0,0,0,0,0.013333333,0,0.013333333,0,0,0,0,0,0,0,0,0,0,0,0.013333333,0,0,0,0,0,0,0,0,0,0,0,0,0,0,0.08,0.013333333,0.12,0,0,0,0,0,0,0.013333333,0,0,0,0,0,0,0,0.013333333,0,0,0,0,0,0,0,0,0,0.013333333,0,0,0,0.026666667,0,0,0,0,0,0,0,0,0,0,0,0,0,0,0,0.013333333,0,0,0,0.066666667,0,0,0,0,0,0,0.013333333,0,0,0,0,0.013333333,0,0,0,0,0,0,0.013333333,0,0,0.013333333,0,0.026666667,0,0,0.04,0,0,0.013333333,0,0,0,0,0,0,0,0,0,0.013333333,0,0,0,0,0,0,0,0.013333333,0,0,0,0,0,0.013333333,0,0,0,0,0,0
Peenya,0,0,0,0,0,0,0,0,0,0,0,0,0,0,0,0,0,0,0,0,0.052631579,0,0,0,0,0,0,0,0,0,0,0,0,0,0,0,0,0,0,0,0,0,0,0,0,0,0,0,0,0,0,0,0,0,0,0,0,0,0,0,0.052631579,0,0,0,0,0,0,0,0,0,0,0,0.052631579,0,0,0,0,0,0,0,0,0,0,0,0,0,0.105263158,0,0,0,0,0,0,0,0,0,0,0,0,0,0,0,0,0,0,0,0,0,0,0,0,0,0,0,0,0,0,0,0,0,0.052631579,0,0,0,0,0,0.052631579,0,0,0,0,0,0,0,0,0,0,0,0,0.157894737,0,0,0,0,0,0.052631579,0,0.052631579,0,0,0,0,0,0,0,0,0,0,0.052631579,0,0,0,0,0,0,0,0,0,0,0,0,0,0,0,0,0,0,0,0,0,0,0,0,0,0,0,0,0,0.052631579,0.052631579,0,0,0,0,0,0,0,0.052631579,0,0.052631579,0,0,0,0,0,0,0,0,0,0,0,0,0,0,0,0,0,0,0,0,0,0,0,0,0,0,0.052631579,0,0,0,0,0,0,0,0,0
Pete,0,0,0,0,0.01,0,0.01,0.01,0,0.01,0.01,0.01,0,0,0,0,0,0.01,0.02,0,0.01,0,0.01,0,0,0,0,0,0,0,0,0.01,0.01,0,0,0.04,0.02,0,0.01,0,0,0.01,0,0,0,0,0,0,0,0.03,0,0.01,0,0,0,0,0.02,0,0.01,0.01,0.02,0,0,0,0,0,0,0,0.01,0.01,0,0.01,0,0,0,0,0,0,0,0,0,0,0,0,0,0,0,0,0,0,0,0,0,0,0,0,0.01,0.01,0.01,0,0,0,0,0,0,0,0,0,0,0.01,0.01,0,0,0,0,0,0,0.01,0,0,0.05,0,0,0,0.02,0,0.14,0,0,0,0.03,0.03,0,0,0,0,0,0,0,0,0,0,0.05,0,0,0.01,0,0,0.02,0,0.01,0,0,0,0.01,0.01,0,0,0,0,0,0,0,0,0,0,0,0,0,0,0,0.02,0,0,0,0,0,0,0,0,0,0,0.02,0,0,0,0,0,0,0,0,0,0,0,0,0,0,0.02,0,0.01,0,0,0.01,0,0,0.02,0,0.01,0,0,0.01,0.01,0,0.02,0,0,0,0,0,0.01,0,0,0,0,0.01,0,0,0,0,0,0.03,0,0.01,0,0,0
Phoenix Market City,0,0,0,0,0.0125,0,0,0,0,0,0.0375,0,0,0.0125,0,0.025,0,0,0,0,0.0125,0,0,0,0,0,0,0,0,0,0,0,0,0.025,0,0.0125,0,0,0,0,0,0,0,0,0.0125,0,0,0,0.0125,0.05,0,0,0,0,0,0,0,0,0.0625,0,0.0875,0,0,0,0,0,0,0.0125,0,0,0,0,0.025,0,0.0125,0,0,0.025,0,0,0,0.0125,0,0,0,0,0.0375,0,0,0,0,0,0,0,0,0,0.025,0.0125,0,0,0,0,0,0.0125,0,0,0,0,0.0125,0.025,0,0,0,0,0,0,0,0,0,0,0.0125,0,0,0,0.0125,0,0.05,0,0,0,0.025,0,0,0,0,0,0,0,0,0,0,0,0.025,0,0.0125,0,0.0125,0,0,0,0,0,0,0,0,0.025,0,0,0.0375,0,0,0,0,0.0125,0,0.025,0,0,0,0,0.0125,0,0,0.0125,0,0,0,0,0,0,0,0,0,0,0,0,0.0125,0,0,0,0,0,0.0125,0,0.0125,0,0,0,0,0.025,0,0,0.0125,0,0,0,0,0,0.025,0.0125,0,0,0,0,0,0,0,0,0,0,0,0,0,0.0125,0,0.0125,0,0,0,0,0,0.0125,0,0,0,0
R. T. Nagar,0,0,0,0,0,0,0,0,0,0,0,0,0,0,0,0,0,0,0.025,0,0,0,0,0,0,0,0,0,0.025,0,0,0,0,0.025,0,0.025,0,0,0,0,0,0,0,0,0.1,0,0,0,0,0.05,0,0,0,0,0,0,0,0,0,0,0,0,0,0,0,0,0,0,0,0,0,0,0,0,0,0,0,0,0,0,0,0,0.025,0,0,0.05,0.1,0.025,0,0,0,0,0,0,0,0,0,0,0,0,0,0,0,0,0,0,0,0,0,0,0,0,0,0,0,0,0,0,0,0,0,0,0,0,0.025,0,0.275,0,0,0,0,0,0,0.025,0,0,0,0,0,0,0,0,0,0,0,0,0,0,0,0,0,0,0,0,0.025,0,0,0,0,0,0,0,0,0,0,0,0,0,0,0,0,0.025,0,0,0,0.05,0,0,0,0,0,0,0,0,0,0,0,0,0.025,0,0,0,0,0,0,0,0,0,0,0,0,0,0.025,0,0,0,0,0,0,0,0,0,0,0,0,0,0,0,0,0,0,0,0,0,0,0,0,0,0,0,0.075,0,0,0,0,0
Rajajinagar,0,0,0,0,0,0,0,0,0,0,0.011494253,0,0,0,0,0,0,0,0.034482759,0,0.011494253,0,0,0.011494253,0,0,0,0,0,0,0.011494253,0,0,0.034482759,0,0.022988506,0.011494253,0,0,0,0,0,0,0,0,0,0,0,0,0.068965517,0,0,0,0,0,0,0.045977011,0,0.022988506,0,0.034482759,0,0,0,0.011494253,0,0,0,0,0,0,0,0.022988506,0,0,0,0,0.022988506,0,0,0,0.011494253,0,0,0,0,0.045977011,0,0,0,0,0,0.011494253,0,0,0,0.011494253,0,0,0,0,0,0.011494253,0,0,0,0,0,0,0.011494253,0.011494253,0,0,0,0,0,0,0,0,0,0.034482759,0,0,0,0.022988506,0,0.103448276,0,0,0,0.045977011,0,0,0.011494253,0,0,0,0,0,0,0,0,0.045977011,0,0,0,0,0,0.011494253,0,0,0,0,0,0.011494253,0.011494253,0,0,0.022988506,0,0,0,0,0,0,0,0,0,0,0,0,0,0,0,0,0.011494253,0,0,0,0,0,0,0.011494253,0,0,0,0.011494253,0,0,0.011494253,0,0,0,0,0,0,0,0.011494253,0,0.011494253,0,0,0.022988506,0,0,0.011494253,0,0,0,0,0,0.011494253,0,0,0,0,0,0,0.011494253,0,0,0,0,0,0,0,0.011494253,0,0,0,0.045977011,0,0,0,0,0
Rajarajeshwari Nagar,0,0,0,0,0,0,0.032258065,0,0,0,0,0,0,0,0,0,0,0,0.032258065,0,0,0,0,0,0,0,0,0,0,0,0,0,0,0,0,0.032258065,0,0,0,0,0,0,0,0,0,0,0,0,0,0.064516129,0,0,0,0,0,0,0,0,0,0,0.064516129,0,0,0,0,0,0,0,0,0,0,0,0.032258065,0,0,0.032258065,0,0,0,0,0,0,0,0,0,0,0.064516129,0,0,0,0,0,0.032258065,0,0,0,0,0.032258065,0,0,0,0,0,0,0,0,0,0,0,0,0,0,0,0,0,0,0,0,0,0,0,0,0,0,0.032258065,0.032258065,0,0,0,0,0,0,0,0.064516129,0,0,0,0,0.032258065,0,0,0,0,0,0,0,0,0.032258065,0,0,0,0,0,0,0,0,0,0,0.032258065,0,0,0,0.032258065,0,0,0,0,0,0,0,0,0.032258065,0,0,0,0.161290323,0,0,0,0,0,0,0,0,0,0,0,0,0,0,0,0,0,0,0.032258065,0,0,0,0,0,0,0,0,0.064516129,0,0,0,0,0,0,0,0,0,0,0,0,0,0,0,0,0,0,0,0,0,0,0,0,0,0,0.032258065,0,0,0,0,0
Ramamurthy Nagar,0,0,0,0,0,0,0,0,0,0,0.090909091,0.090909091,0,0,0,0,0,0,0,0,0,0,0,0,0,0,0,0,0,0,0,0,0,0,0,0,0,0,0,0,0,0,0,0,0,0,0,0,0,0,0,0,0,0,0,0,0,0,0,0,0,0,0,0,0,0,0,0,0,0,0,0,0.181818182,0,0,0,0,0,0,0,0,0,0,0,0,0,0,0,0,0,0,0,0,0,0,0,0,0,0.090909091,0,0,0,0,0,0,0,0,0,0,0,0,0,0,0,0,0,0,0,0,0,0,0,0,0,0,0,0.181818182,0,0,0,0,0,0,0,0,0,0,0,0,0,0,0,0,0,0,0,0,0,0,0,0,0,0,0,0,0,0,0,0,0,0,0,0,0,0,0,0,0,0,0,0,0,0,0,0,0.090909091,0,0,0.090909091,0,0,0,0,0,0,0,0,0,0,0,0,0,0,0,0,0,0,0,0,0,0,0,0,0,0,0.090909091,0,0,0,0,0,0,0.090909091,0,0,0,0,0,0,0,0,0,0,0,0,0,0,0,0,0,0,0,0,0,0,0
Richmond Town,0,0,0,0,0.01,0.01,0.01,0,0,0,0.01,0.01,0,0,0,0.01,0,0,0.01,0,0.01,0,0.01,0,0,0,0,0,0,0,0.01,0,0.01,0,0,0.03,0.04,0,0.01,0,0,0.01,0,0,0,0,0,0,0,0.04,0,0,0,0,0,0,0.02,0,0.01,0.02,0.03,0,0,0,0,0,0,0,0.01,0.01,0,0.01,0,0,0,0,0,0,0,0,0,0.01,0,0,0,0,0.01,0,0,0,0,0,0,0,0,0,0.01,0.01,0.01,0,0,0,0,0,0,0,0,0,0,0.02,0.01,0,0,0,0,0,0,0.01,0,0,0.06,0,0,0,0.03,0,0.1,0,0,0,0.02,0.02,0,0,0,0,0,0.01,0,0,0,0,0.06,0,0,0.01,0,0,0,0.01,0,0,0,0,0.01,0,0,0,0,0.01,0,0,0,0,0,0,0,0,0,0,0,0.01,0,0,0,0.01,0,0,0,0.01,0,0,0.04,0,0,0,0,0,0,0,0,0,0,0,0,0,0,0.01,0,0.02,0,0,0,0,0.01,0.01,0,0.01,0,0,0,0.01,0,0.02,0,0.01,0,0,0,0,0,0,0,0.01,0,0,0,0,0,0,0.03,0,0.01,0,0,0
Russell Market,0,0.01,0,0,0.01,0.01,0,0,0,0.01,0.01,0,0,0,0,0.01,0,0,0.02,0,0,0,0,0,0,0,0,0,0,0,0.01,0,0,0,0,0.01,0.03,0,0.01,0,0,0.02,0,0,0,0,0,0,0,0.04,0,0,0,0,0,0,0.04,0,0.01,0.01,0.03,0,0.01,0,0,0,0,0,0.01,0.01,0,0.01,0.01,0.01,0,0,0,0,0,0,0.01,0.01,0,0,0,0,0.01,0,0,0,0,0,0,0,0,0,0.02,0,0.01,0,0,0,0,0,0,0,0,0,0,0,0,0,0,0,0,0,0,0,0,0,0.05,0.01,0,0.01,0.04,0,0.14,0,0,0,0.02,0.02,0,0.01,0,0,0,0.01,0,0,0,0,0.05,0,0,0,0,0,0,0,0,0,0,0,0,0,0,0,0,0,0,0,0,0,0,0,0,0,0,0.01,0,0.01,0,0,0,0.02,0,0,0,0.01,0,0,0.05,0,0,0,0,0,0,0,0,0,0,0,0,0,0,0.01,0,0.02,0,0,0.01,0,0.01,0,0,0,0,0,0,0.02,0,0,0,0.02,0,0,0.01,0,0,0,0,0.01,0,0,0,0,0,0,0.01,0,0,0,0.01,0
SH35,0,0,0,0,0,0,0,0,0,0,0,0,0,0,0,0,0,0,0,0,0,0,0,0,0,0,0,0,0,0,0,0,0,0,0,0,0,0,0,0,0,0,0,0,0,0,0,0,0,0,0,0,0,0,0,0,0,0,0,0,0,0,0,0,0,0,0,0,0,0,0,0,0,0,0,0,0,0,0,0,0,0,0,0,0,0,0,0,0,0,0,0,0,0,0,0,0,0,0,0,0,0,0,0,0,0,0,0,0,0,0,0,0,0,0,0,0,0,0,0,0,0,0,0,0,0,0,0,0,0,0,0,0,0,0,0,0,0,0,0,0,0,0,0,0,0,0,0,0,0,0,0,0,0,0,0,0,0,0,0,0,0,0,0,0,0,0,0,0,0,0,0,0,0,1,0,0,0,0,0,0,0,0,0,0,0,0,0,0,0,0,0,0,0,0,0,0,0,0,0,0,0,0,0,0,0,0,0,0,0,0,0,0,0,0,0,0,0,0,0,0,0,0,0,0,0,0,0,0,0,0,0,0,0,0,0
SH39,0,0,0,0,0,0,0,0,0,0,0,0,0,0,0,0,0,0,0,0,0,0,0,0,0,0,0,0,0,0,0,0,0,0,0,0,0,0,0,0,0,0,0,0,0,0,0,0,0,0,0,0,0,0,0,0,0,0,0,0,0,0,0,0,0,0,0,0,0,0,0,0,0,0,0,0,0,0,0,0,0,0,0,0,0,0,0,0,0,0,0,0,0,0,0,0,0,0,0,0,0,0,0,0,0,0,0,0,0,0,0,0,0,0,0,0,0,0,0,0,0.25,0,0,0,0,0,0.25,0,0,0,0,0,0,0,0,0,0,0,0.5,0,0,0,0,0,0,0,0,0,0,0,0,0,0,0,0,0,0,0,0,0,0,0,0,0,0,0,0,0,0,0,0,0,0,0,0,0,0,0,0,0,0,0,0,0,0,0,0,0,0,0,0,0,0,0,0,0,0,0,0,0,0,0,0,0,0,0,0,0,0,0,0,0,0,0,0,0,0,0,0,0,0,0,0,0,0,0,0,0,0,0,0,0,0,0,0,0
SH87,0,0.01,0,0,0.01,0.01,0.01,0,0,0.01,0.01,0.01,0,0,0,0,0,0,0.01,0,0,0,0.01,0,0,0,0,0,0,0,0.01,0,0,0,0,0.01,0.03,0,0.01,0,0,0.02,0,0,0,0,0,0,0,0.04,0,0,0,0,0,0,0.03,0,0.02,0.02,0.02,0,0,0,0,0,0,0,0.01,0.01,0,0.01,0,0.01,0,0,0,0,0,0,0.01,0.01,0,0,0,0,0,0,0,0,0,0,0,0,0,0,0.01,0.01,0.01,0,0,0,0,0,0,0,0,0,0,0.01,0.01,0,0,0,0,0,0,0,0,0,0.07,0,0,0,0.03,0,0.12,0,0,0,0.02,0.03,0,0,0,0,0,0.01,0,0,0,0,0.06,0,0,0.01,0,0,0,0,0,0,0,0,0,0,0,0,0,0,0,0,0,0,0,0,0,0,0,0,0,0.01,0,0,0,0.01,0,0,0,0.01,0,0,0.04,0,0,0,0,0,0,0,0,0,0,0,0,0,0,0.01,0,0.03,0,0,0,0,0.01,0,0,0,0,0,0,0.02,0,0.02,0,0.03,0,0,0,0,0,0,0,0.01,0,0,0,0,0,0,0.02,0,0.01,0,0.01,0
Sadashivanagar,0,0,0,0,0,0,0,0,0,0,0.027027027,0,0,0,0,0,0,0,0.013513514,0,0.013513514,0,0,0,0,0,0,0,0.013513514,0,0,0,0,0.013513514,0,0.013513514,0,0,0,0,0,0.013513514,0,0,0,0,0,0,0,0.040540541,0,0,0,0,0,0,0.067567568,0,0,0,0.040540541,0,0,0,0,0,0,0,0,0,0,0,0.013513514,0,0,0,0,0,0,0,0,0,0,0,0,0.013513514,0.040540541,0.013513514,0,0,0,0,0,0,0,0,0,0,0,0,0,0,0,0,0,0,0,0,0,0.040540541,0,0,0,0,0,0,0,0,0,0,0,0,0,0,0.148648649,0,0.22972973,0,0,0,0.027027027,0,0,0.013513514,0,0,0,0,0,0,0,0,0.013513514,0,0,0,0,0,0,0,0,0,0,0,0,0,0,0,0,0,0,0,0.013513514,0,0,0,0,0,0,0,0,0,0,0,0,0.040540541,0,0,0,0.013513514,0,0,0,0,0,0,0,0,0,0,0,0,0,0,0.013513514,0,0,0.013513514,0,0,0,0,0.013513514,0,0,0.013513514,0,0,0,0,0,0,0,0,0,0,0,0,0,0,0,0,0,0,0,0.013513514,0,0,0,0,0.040540541,0,0,0,0.013513514,0
Sarjapura,0.2,0,0,0,0,0,0,0,0,0,0,0,0,0,0,0,0,0,0,0,0,0,0,0,0,0,0,0,0,0,0,0,0,0,0,0,0,0,0,0,0,0,0,0,0,0.2,0,0,0,0,0,0,0,0,0,0,0,0,0,0,0,0,0,0,0,0,0,0,0,0,0,0,0,0,0,0,0,0,0,0,0,0,0,0,0,0,0.2,0,0,0,0,0,0,0,0,0,0,0,0,0,0,0,0,0,0,0,0,0,0,0,0,0,0,0,0,0,0,0,0,0,0,0,0,0,0,0,0,0,0,0,0,0,0,0,0,0,0,0,0,0,0,0,0,0,0,0,0,0,0,0,0,0,0,0,0,0,0,0,0,0,0,0,0,0,0,0,0,0,0,0,0,0,0,0,0,0,0,0,0,0,0,0,0,0,0,0,0,0,0,0.2,0,0,0,0,0,0,0,0,0,0,0,0,0,0,0,0,0,0,0,0,0,0,0,0,0,0.2,0,0,0,0,0,0,0,0,0,0,0,0,0,0,0,0,0,0,0,0
Seshadripuram,0,0,0,0,0,0,0.02,0.02,0.01,0,0.01,0,0,0,0,0,0.01,0,0,0,0,0,0.01,0,0,0,0,0,0,0,0,0,0,0,0,0.02,0,0,0,0,0,0,0,0,0,0,0,0,0,0.02,0,0,0,0,0,0,0.04,0,0.01,0,0.05,0,0.01,0,0,0,0,0,0,0,0,0,0.01,0.03,0,0,0,0.02,0,0,0,0,0,0,0,0,0.02,0,0,0,0,0.01,0,0,0,0,0.01,0,0,0,0,0,0,0,0,0,0.01,0,0,0.02,0,0,0,0,0,0,0,0,0.01,0,0.06,0.01,0,0,0.05,0,0.2,0,0,0,0.01,0,0,0.01,0,0,0,0,0,0,0,0,0,0,0,0,0,0,0,0,0,0,0,0.01,0,0,0,0,0.01,0,0.01,0,0.02,0,0,0,0,0,0,0,0,0.01,0,0,0,0,0.01,0,0,0.01,0,0,0.02,0,0,0.01,0.01,0,0,0.02,0,0,0,0,0.01,0,0,0.02,0,0.01,0,0,0.01,0,0,0.01,0,0,0,0,0,0.01,0,0,0,0.01,0,0,0,0,0,0,0,0,0,0,0,0,0,0,0.02,0.01,0,0.01,0.01,0
Shivajinagar,0,0.01,0,0,0.01,0.01,0,0,0.01,0.01,0.01,0,0,0,0,0.01,0,0,0.02,0,0,0,0,0,0,0,0,0,0,0,0.01,0,0,0,0,0.01,0.02,0,0.01,0,0,0.02,0,0,0,0,0,0,0,0.04,0,0,0,0,0,0,0.04,0,0.02,0.01,0.03,0,0.01,0,0,0,0,0,0.01,0.01,0,0.01,0.01,0.01,0,0,0,0,0,0,0.01,0.01,0,0,0,0,0.01,0,0,0,0,0,0,0,0,0,0.02,0,0.01,0,0,0,0,0,0,0,0.01,0,0,0,0,0,0,0,0,0,0,0,0,0,0.03,0,0,0.01,0.04,0,0.13,0,0,0,0.02,0.02,0,0.02,0,0,0,0,0,0,0,0,0.05,0,0,0,0,0,0,0.01,0,0,0,0.01,0,0,0,0,0,0,0.01,0,0.01,0,0,0,0,0,0,0.01,0,0.02,0,0,0,0.02,0,0,0,0.01,0,0,0.04,0,0,0,0,0,0,0,0,0,0,0,0,0,0,0.01,0,0.02,0,0,0.01,0,0,0,0,0,0,0,0,0.02,0,0,0,0.02,0,0,0.01,0,0,0,0,0.01,0,0,0,0,0,0,0,0,0,0,0.01,0
Thavarekere,0,0,0,0,0,0.01,0,0,0,0,0,0,0,0,0,0,0,0,0.03,0,0.02,0,0,0,0,0,0,0,0,0,0.02,0,0,0.01,0,0,0.02,0,0,0,0,0.01,0,0,0,0,0,0,0,0.06,0,0,0,0,0,0,0.03,0,0.01,0,0.03,0.01,0,0,0,0.01,0,0.01,0,0,0,0,0.01,0.04,0.01,0,0,0.02,0,0,0,0,0,0,0,0,0.01,0,0.01,0,0,0,0,0,0,0,0,0,0.01,0,0.01,0,0,0,0,0,0,0,0,0.02,0,0,0.01,0,0,0,0,0,0,0,0.01,0,0,0,0.06,0,0.19,0,0.01,0,0.01,0,0,0.01,0,0,0,0,0,0,0,0,0.03,0,0,0,0.01,0,0.01,0,0,0.01,0,0,0,0.01,0,0,0.04,0,0,0,0,0,0,0,0,0,0,0,0.01,0.01,0,0,0,0.03,0,0,0,0,0,0,0,0,0,0,0,0,0,0.01,0,0,0,0,0.01,0,0,0,0,0.02,0,0.01,0,0,0,0,0,0,0,0,0,0,0,0,0,0.02,0,0,0.01,0,0.01,0,0,0,0,0,0,0,0,0,0.02,0,0,0,0,0.01
Ulsoor,0,0,0,0,0,0.02,0,0,0,0,0.01,0.01,0,0,0,0.03,0,0,0.02,0,0.05,0,0,0,0,0.01,0,0,0,0,0,0,0.01,0,0,0.01,0.01,0,0,0,0,0,0,0,0,0,0,0,0,0.08,0,0,0.01,0,0,0,0.06,0,0.01,0.01,0.03,0,0,0,0,0,0,0,0,0,0,0,0.03,0,0,0.01,0,0,0,0,0.01,0,0,0,0,0,0.02,0,0,0,0,0,0,0,0,0,0,0,0,0,0,0,0,0,0,0,0,0,0,0.01,0.01,0,0,0,0,0,0,0,0,0,0.02,0.01,0,0.01,0.02,0,0.13,0,0,0,0,0.01,0,0,0,0,0,0,0,0,0,0,0.01,0,0,0.02,0,0,0.01,0.04,0,0,0.01,0,0,0,0,0,0.01,0,0,0,0.01,0,0,0,0,0.01,0,0.01,0,0,0,0,0,0.01,0,0,0,0,0,0,0.06,0.01,0,0,0,0,0,0,0,0,0,0,0.01,0,0,0.01,0,0.02,0,0,0.02,0,0,0,0,0,0,0,0,0,0,0,0,0.02,0,0,0.01,0,0,0,0,0,0,0,0,0,0.01,0,0.01,0,0,0,0,0
Ulsoor Lake,0,0.01,0,0,0,0.03,0,0,0,0.01,0.01,0.01,0,0,0,0.02,0,0,0.01,0,0.04,0,0,0,0,0.01,0,0,0,0,0,0,0,0,0,0,0,0,0,0,0,0.01,0,0,0,0,0,0,0,0.07,0,0,0,0,0,0,0.04,0,0.02,0,0.02,0,0,0,0,0,0,0,0,0,0,0,0.03,0.01,0,0.01,0,0.01,0,0,0.01,0,0,0,0,0,0.03,0,0.01,0,0,0,0,0,0,0,0.01,0,0,0,0,0,0,0,0,0,0,0,0,0,0,0,0,0,0,0,0,0,0,0,0.03,0.01,0,0.01,0.04,0,0.16,0,0,0,0,0.01,0.01,0.01,0,0,0,0,0,0,0,0,0.01,0,0.01,0.01,0.01,0,0.01,0.03,0,0,0.01,0,0,0,0,0,0,0,0,0,0.01,0,0,0,0,0,0,0.01,0,0.01,0,0,0,0.01,0,0,0,0,0,0,0.02,0.01,0,0,0,0,0,0,0,0,0,0,0.01,0,0,0.01,0,0.02,0,0,0.01,0,0,0.01,0,0,0,0,0,0.01,0,0,0,0.04,0,0,0.01,0,0,0,0,0,0,0,0,0,0,0,0,0,0,0,0.01,0
Uttarahalli,0,0,0,0,0,0,0,0,0,0,0,0,0,0,0,0,0,0,0,0,0.142857143,0,0,0,0,0,0,0,0,0,0,0,0,0,0,0,0,0,0,0,0,0,0,0,0,0,0,0,0,0,0,0,0,0,0,0,0,0,0,0,0,0,0,0,0,0,0,0,0,0,0,0,0.142857143,0,0,0,0,0,0,0,0,0,0,0,0,0,0,0,0,0,0,0,0.142857143,0,0,0,0,0,0,0,0,0,0,0,0,0,0,0,0,0,0,0,0,0,0,0,0,0,0,0,0,0,0,0,0,0,0.285714286,0,0,0,0,0,0,0,0,0,0,0,0,0,0,0,0,0,0,0,0,0,0,0,0,0,0,0,0,0,0,0,0,0,0,0,0,0,0,0,0,0,0,0,0,0,0,0,0,0,0,0,0,0,0,0,0,0,0,0,0,0,0,0.142857143,0,0,0,0,0,0,0,0,0,0,0,0,0,0,0,0,0,0,0,0,0,0,0,0,0,0,0,0,0,0,0,0,0,0,0,0.142857143,0,0,0,0,0,0,0,0,0,0
Varthur,0,0,0,0,0.035714286,0,0,0,0,0,0.035714286,0,0,0,0,0,0,0,0,0,0,0,0,0,0,0,0,0,0,0,0,0,0,0,0,0,0,0,0,0,0,0,0,0,0,0,0,0,0,0.035714286,0,0,0,0,0,0,0,0,0.035714286,0,0,0,0,0,0,0,0,0,0,0,0,0,0,0,0,0,0,0.035714286,0,0,0,0,0,0,0,0,0.035714286,0,0,0,0,0,0.035714286,0,0,0,0,0,0,0,0,0,0,0,0,0,0,0,0,0,0,0,0,0,0,0,0,0,0,0,0.035714286,0,0,0,0,0,0.142857143,0,0,0,0.035714286,0,0,0,0,0,0,0,0.035714286,0,0,0,0,0,0,0,0,0,0,0,0,0,0,0,0,0,0,0.035714286,0.107142857,0,0,0,0,0,0,0,0,0,0,0,0,0,0,0,0,0.107142857,0,0,0,0,0,0,0,0,0,0,0.035714286,0,0,0.071428571,0,0,0,0,0.035714286,0,0,0,0,0.035714286,0,0,0,0,0,0,0,0,0,0,0,0,0,0,0,0.035714286,0,0,0,0.035714286,0,0,0,0,0,0,0,0,0,0,0,0,0,0,0,0
Vasanth Nagar,0,0,0,0,0,0,0.02,0.02,0.01,0,0.01,0,0,0,0,0.01,0,0,0.02,0,0.01,0,0.01,0,0,0,0,0,0,0,0,0,0,0,0,0,0,0,0,0,0,0,0,0,0,0,0,0,0,0.04,0,0,0,0,0.01,0,0.03,0,0.02,0,0.04,0,0.01,0,0,0,0,0,0.01,0,0,0,0.02,0.02,0,0,0,0.02,0,0,0,0,0,0,0,0,0.02,0,0,0,0,0.01,0,0,0,0,0.01,0,0,0,0,0,0,0,0,0,0.01,0,0,0.01,0,0,0,0,0,0,0,0,0,0,0.05,0.01,0,0,0.05,0,0.18,0,0,0,0,0,0,0.01,0,0,0,0,0,0,0,0,0.02,0,0,0,0,0,0,0,0.01,0,0,0.01,0,0,0,0,0.01,0,0.01,0,0.02,0,0,0,0,0,0,0,0,0.02,0,0,0,0.01,0,0,0,0.01,0,0.01,0.02,0,0,0.01,0.01,0,0,0.02,0,0,0,0,0.01,0,0,0.01,0,0.01,0,0,0,0,0,0,0,0,0,0,0,0.01,0,0,0,0.01,0,0,0,0,0,0,0,0,0,0,0,0,0,0,0.02,0.01,0,0.01,0.01,0
Vidyaranyapura,0,0,0,0,0,0,0,0,0,0,0,0,0,0,0,0,0,0,0.071428571,0.071428571,0,0,0,0,0,0,0,0,0,0,0,0,0,0,0,0,0,0,0,0,0,0,0,0,0.071428571,0,0,0,0,0.071428571,0,0,0,0,0,0,0.071428571,0,0,0,0.071428571,0,0,0,0,0,0,0,0,0,0,0,0.071428571,0.071428571,0,0,0,0,0,0,0,0,0,0,0,0,0,0,0,0,0,0,0,0,0,0,0,0,0,0,0,0,0,0,0,0,0,0,0,0.071428571,0,0,0,0,0,0,0,0,0,0,0,0,0,0,0.071428571,0,0.142857143,0,0,0,0,0,0,0,0,0,0,0,0,0,0,0,0,0,0,0,0,0,0,0,0,0,0,0,0,0,0,0,0,0,0,0,0,0,0,0,0,0,0,0,0,0,0,0,0,0.071428571,0,0,0,0,0,0,0,0,0,0,0,0,0,0.071428571,0,0,0,0,0,0,0,0,0,0,0,0,0,0,0,0,0,0,0,0,0,0,0,0,0,0,0,0,0,0,0,0,0,0,0,0,0,0,0,0,0,0,0,0,0,0
Vijayanagar,0,0,0,0,0,0,0,0,0,0,0,0,0,0,0,0,0,0,0.090909091,0,0,0,0,0,0,0,0,0,0,0,0,0,0,0,0,0,0.090909091,0,0,0,0,0,0,0,0,0,0,0,0,0,0,0,0,0,0,0,0,0,0,0,0.090909091,0,0,0,0.090909091,0,0,0,0,0,0,0,0,0,0,0,0,0,0,0,0,0,0,0,0,0,0,0,0,0,0,0,0,0,0,0,0,0,0,0,0,0,0,0,0,0,0,0,0,0,0.090909091,0,0,0,0,0,0,0,0,0,0,0,0,0,0,0,0,0,0,0,0.090909091,0,0,0,0,0,0,0,0,0,0,0,0,0,0,0,0,0,0,0,0,0,0,0,0,0,0,0,0,0,0.090909091,0,0,0,0,0,0,0,0,0,0,0,0,0,0,0.090909091,0,0,0,0,0,0,0,0,0,0,0,0,0,0.090909091,0,0,0,0,0.090909091,0,0,0,0,0,0,0,0,0,0,0,0,0,0,0,0.090909091,0,0,0,0,0,0,0,0,0,0,0,0,0,0,0,0,0,0,0,0,0,0,0,0,0
Vijayanagara Empire,0,0,0,0,0,0,0,0,0,0,0,0,0,0,0,0,0,0,0.090909091,0,0,0,0,0,0,0,0,0,0,0,0,0,0,0,0,0,0.090909091,0,0,0,0,0,0,0,0,0,0,0,0,0,0,0,0,0,0,0,0,0,0,0,0.090909091,0,0,0,0.090909091,0,0,0,0,0,0,0,0,0,0,0,0,0,0,0,0,0,0,0,0,0,0,0,0,0,0,0,0,0,0,0,0,0,0,0,0,0,0,0,0,0,0,0,0,0,0.090909091,0,0,0,0,0,0,0,0,0,0,0,0,0,0,0,0,0,0,0,0.090909091,0,0,0,0,0,0,0,0,0,0,0,0,0,0,0,0,0,0,0,0,0,0,0,0,0,0,0,0,0,0.090909091,0,0,0,0,0,0,0,0,0,0,0,0,0,0,0.090909091,0,0,0,0,0,0,0,0,0,0,0,0,0,0.090909091,0,0,0,0,0.090909091,0,0,0,0,0,0,0,0,0,0,0,0,0,0,0,0.090909091,0,0,0,0,0,0,0,0,0,0,0,0,0,0,0,0,0,0,0,0,0,0,0,0,0
Whitefield,0,0,0,0,0,0,0,0,0,0,0,0,0,0,0,0.03030303,0,0,0,0,0,0,0,0,0,0,0,0,0,0,0,0,0,0.03030303,0,0.015151515,0.03030303,0,0,0,0,0,0,0,0,0,0,0,0,0.075757576,0,0,0,0,0.015151515,0,0.015151515,0,0,0.015151515,0.03030303,0,0,0,0,0,0,0,0,0,0,0,0.03030303,0,0,0,0,0.015151515,0,0,0.015151515,0,0,0.015151515,0,0,0.045454545,0,0,0,0.015151515,0,0.015151515,0,0,0.015151515,0,0,0,0,0,0,0,0,0,0,0,0,0,0.015151515,0.03030303,0,0,0,0,0,0,0,0,0,0.136363636,0,0,0,0.03030303,0,0.090909091,0,0,0,0.015151515,0,0,0,0,0,0,0,0,0,0,0,0,0.015151515,0.015151515,0,0,0,0.015151515,0,0,0,0,0,0,0.015151515,0,0,0,0,0,0,0,0,0,0.015151515,0,0,0,0,0,0,0,0,0,0.045454545,0,0,0,0,0,0,0,0,0,0,0,0,0,0.060606061,0,0,0,0,0.015151515,0,0,0,0,0.045454545,0,0,0,0,0,0,0,0,0,0,0,0,0,0,0,0,0,0,0,0,0,0,0,0,0,0,0,0,0,0,0,0,0,0,0,0
Wipro,0,0.015625,0,0,0,0.015625,0,0,0,0,0,0,0,0,0,0,0.015625,0,0.015625,0,0.015625,0,0,0,0,0,0,0,0,0,0,0,0,0,0,0.015625,0.015625,0,0,0,0,0,0,0,0.015625,0,0,0,0,0.125,0,0,0,0,0,0,0,0,0,0,0.0625,0,0,0,0,0,0,0,0,0,0,0,0,0.015625,0,0,0,0.015625,0,0,0.015625,0,0,0,0,0,0.0625,0,0,0,0,0,0.03125,0,0,0,0,0,0,0,0,0,0,0.015625,0.015625,0,0,0,0,0,0.015625,0,0,0,0,0,0,0,0,0,0.015625,0,0,0,0.03125,0,0.125,0,0,0,0,0,0,0,0,0.015625,0,0,0.015625,0,0,0,0.046875,0,0,0,0,0,0,0,0,0,0,0,0,0,0.015625,0,0.015625,0,0,0,0,0,0.015625,0,0,0,0,0,0,0,0,0,0,0.078125,0,0,0,0,0,0,0.015625,0,0,0,0,0,0,0,0,0,0,0,0.03125,0,0,0.015625,0,0.015625,0,0,0,0,0,0,0,0,0,0.03125,0,0,0,0,0,0,0,0,0,0,0,0,0,0,0,0,0,0.015625,0,0,0,0,0,0,0,0
Yelahanka,0,0,0,0,0.041666667,0,0,0,0,0,0,0,0,0,0,0,0,0,0.083333333,0,0,0,0,0,0,0,0,0,0,0,0,0,0,0,0,0,0,0,0,0,0,0,0,0,0,0,0,0,0,0.125,0,0,0,0,0,0,0,0,0.083333333,0,0,0,0,0,0,0,0,0,0,0,0,0,0.041666667,0.041666667,0,0.041666667,0,0,0,0,0,0,0,0,0,0,0,0,0,0,0,0,0,0,0,0.083333333,0,0,0,0,0,0,0,0,0,0,0,0,0,0,0,0,0,0,0,0,0,0,0,0,0,0,0,0,0.041666667,0,0.125,0,0,0,0,0,0,0.041666667,0,0,0,0,0,0,0,0,0,0,0,0,0,0,0,0,0,0,0,0,0,0.041666667,0,0,0,0,0,0,0,0,0,0,0,0,0,0,0,0,0,0,0,0,0,0,0,0,0,0,0,0,0,0,0,0,0.041666667,0,0,0,0,0,0,0,0,0,0,0,0,0.041666667,0,0.041666667,0,0,0,0,0,0,0,0,0,0,0,0,0,0,0,0,0,0,0,0,0,0,0.041666667,0,0,0,0.041666667,0,0,0,0,0
Yeshwanthpur,0,0,0,0,0,0,0,0,0,0,0,0,0,0,0,0,0,0,0,0,0.076923077,0,0,0,0,0,0,0,0,0,0,0,0,0,0,0,0,0,0,0,0,0,0,0,0,0,0,0,0,0,0,0,0,0,0,0,0,0,0,0,0.076923077,0,0,0,0,0,0,0,0,0,0,0,0,0,0,0,0,0,0,0,0,0,0,0,0,0,0.153846154,0,0,0,0,0,0,0,0,0,0,0,0,0,0,0,0,0,0,0,0,0,0,0,0,0,0,0,0,0,0,0,0,0,0.076923077,0,0,0,0,0,0.076923077,0,0,0,0,0,0,0,0,0,0,0,0,0.076923077,0,0,0,0,0,0.076923077,0,0,0,0,0,0,0,0,0,0,0,0,0.076923077,0,0,0,0,0,0,0,0,0,0,0,0,0.076923077,0,0,0,0,0,0,0,0,0,0,0,0,0,0,0,0,0,0.076923077,0,0,0,0,0,0,0,0.076923077,0,0,0,0,0,0,0,0,0,0,0,0,0,0,0,0,0,0,0,0,0,0,0,0,0,0,0,0,0.076923077,0,0,0,0,0,0,0,0,0
Yeshwantpur,0,0,0,0,0,0,0,0,0,0,0.014084507,0,0,0,0,0,0,0,0.014084507,0,0.014084507,0,0,0,0,0,0,0,0.014084507,0,0,0,0,0,0,0.014084507,0,0,0,0,0,0.014084507,0,0,0.028169014,0,0,0,0,0.056338028,0,0,0,0,0,0,0.070422535,0,0,0,0.014084507,0,0,0,0,0.014084507,0,0,0,0,0,0,0.028169014,0,0,0,0,0,0,0,0,0,0,0,0,0,0.070422535,0,0,0,0,0,0,0,0,0,0,0,0,0,0,0,0,0,0,0.014084507,0,0,0,0.014084507,0,0,0,0,0,0,0,0,0,0,0,0,0,0,0.098591549,0,0.253521127,0,0,0,0.028169014,0,0,0,0,0.014084507,0,0,0.014084507,0,0,0,0.014084507,0,0,0,0,0,0,0,0,0,0,0,0.014084507,0,0,0,0,0,0,0,0,0,0,0,0,0,0,0,0.014084507,0.028169014,0,0,0,0.056338028,0,0,0,0,0,0,0,0,0,0,0,0,0,0,0,0,0,0,0.014084507,0,0,0,0,0,0,0,0.014084507,0,0,0,0,0,0,0,0,0,0,0,0,0,0,0,0,0,0,0,0,0,0,0.014084507,0,0,0,0,0.028169014,0,0,0,0,0
flyover,0,0,0,0,0,0,0,0.029411765,0,0,0,0,0,0,0,0,0,0,0,0,0,0,0,0,0,0,0,0,0,0,0,0,0,0,0,0.058823529,0,0,0,0,0,0,0,0,0.029411765,0,0,0,0,0.029411765,0,0,0,0,0,0,0,0,0,0,0.058823529,0,0,0,0,0,0,0,0,0,0,0,0.088235294,0,0,0,0,0,0,0,0,0,0,0,0,0,0.205882353,0,0,0,0,0,0,0,0,0,0,0,0,0,0,0,0,0,0.029411765,0,0,0,0,0,0,0,0,0,0,0,0,0,0,0,0,0,0,0,0.029411765,0,0.205882353,0,0,0,0,0,0,0,0,0,0,0,0,0,0,0,0,0,0,0,0,0,0,0,0,0,0,0,0,0,0,0,0.058823529,0,0,0,0,0,0,0,0,0,0,0,0,0,0,0,0,0.029411765,0,0,0,0,0.029411765,0,0,0,0,0,0,0,0,0,0,0,0,0,0,0,0,0,0,0.058823529,0,0,0.029411765,0,0,0,0,0,0.029411765,0,0,0,0,0,0,0,0,0,0,0,0,0,0,0,0,0,0,0,0,0,0,0,0,0,0,0
railway station,0,0.010309278,0,0,0.010309278,0,0,0.020618557,0.010309278,0,0.010309278,0,0,0,0,0.020618557,0,0,0.020618557,0,0,0,0,0,0,0,0,0,0,0,0,0,0.010309278,0.010309278,0,0,0,0,0,0,0,0.010309278,0,0,0,0,0,0,0,0.051546392,0.010309278,0,0,0,0,0,0.030927835,0,0.030927835,0,0.030927835,0,0.010309278,0,0,0.010309278,0,0,0.010309278,0,0,0,0.020618557,0,0,0,0,0,0,0,0,0,0.010309278,0,0,0,0.020618557,0,0,0,0,0,0,0,0,0,0.010309278,0.010309278,0,0,0,0,0,0,0,0,0.010309278,0,0,0.010309278,0,0,0,0,0,0,0,0,0,0,0.041237113,0.010309278,0,0.010309278,0.041237113,0,0.144329897,0,0,0,0,0.010309278,0,0.030927835,0,0,0,0,0,0,0,0,0.020618557,0,0,0,0,0,0,0.010309278,0,0,0,0.010309278,0,0,0,0,0,0,0.010309278,0,0.020618557,0,0,0,0,0,0,0,0,0.020618557,0,0,0,0.020618557,0,0,0,0,0,0.010309278,0.030927835,0,0,0.010309278,0,0,0,0.010309278,0,0,0,0,0.010309278,0,0,0,0,0.010309278,0,0,0.020618557,0,0,0,0,0,0,0,0,0.010309278,0,0,0,0.020618557,0,0,0,0,0,0,0,0,0,0,0,0,0,0,0,0.010309278,0,0.010309278,0.030927835,0
